Type,key,src_lat_n,src_long_n,dest_lat_n,dest_long_n,origin_hub_n,dest_mh_n,order_pattern,Load
Shipment,COCHINTCHUB_KAM-COCHINTCHUB_KAM,10.0435449,76.3367287,10.0435449,76.3367287,COCHINTCHUB_KAM,COCHINTCHUB_KAM,0,14
Shipment,COCHINTCHUB_KAM-MOTHERHUB_ABL,10.0435449,76.3367287,30.396612,76.8116,COCHINTCHUB_KAM,MOTHERHUB_ABL,0,56
Shipment,COCHINTCHUB_KAM-MOTHERHUB_AMD,10.0435449,76.3367287,22.8978044,72.5902141,COCHINTCHUB_KAM,MOTHERHUB_AMD,0,75
Shipment,COCHINTCHUB_KAM-MOTHERHUB_BAM,10.0435449,76.3367287,28.545321,77.02914,COCHINTCHUB_KAM,MOTHERHUB_BAM,0,22
Shipment,COCHINTCHUB_KAM-MOTHERHUB_BBI,10.0435449,76.3367287,20.295471,85.84707,COCHINTCHUB_KAM,MOTHERHUB_BBI,0,12
Shipment,COCHINTCHUB_KAM-MOTHERHUB_BIL,10.0435449,76.3367287,19.2374987,73.0362352,COCHINTCHUB_KAM,MOTHERHUB_BIL,0,122
Shipment,COCHINTCHUB_KAM-MOTHERHUB_BLR,10.0435449,76.3367287,12.9842798,77.8242648,COCHINTCHUB_KAM,MOTHERHUB_BLR,0,738
Shipment,COCHINTCHUB_KAM-MOTHERHUB_CHN,10.0435449,76.3367287,13.04591,80.067723,COCHINTCHUB_KAM,MOTHERHUB_CHN,0,124
Shipment,COCHINTCHUB_KAM-MOTHERHUB_CJB,10.0435449,76.3367287,11.0633423,77.0910944,COCHINTCHUB_KAM,MOTHERHUB_CJB,0,43
Shipment,COCHINTCHUB_KAM-MOTHERHUB_GAU,10.0435449,76.3367287,26.043197,91.705232,COCHINTCHUB_KAM,MOTHERHUB_GAU,0,16
Shipment,COCHINTCHUB_KAM-MOTHERHUB_GOA,10.0435449,76.3367287,15.3682554,73.946764,COCHINTCHUB_KAM,MOTHERHUB_GOA,0,9
Shipment,COCHINTCHUB_KAM-MOTHERHUB_IDR,10.0435449,76.3367287,22.777113,75.9021171,COCHINTCHUB_KAM,MOTHERHUB_IDR,0,16
Shipment,COCHINTCHUB_KAM-MOTHERHUB_IXR,10.0435449,76.3367287,23.352715,85.343538,COCHINTCHUB_KAM,MOTHERHUB_IXR,0,7
Shipment,COCHINTCHUB_KAM-MOTHERHUB_JAI,10.0435449,76.3367287,26.948928,75.761927,COCHINTCHUB_KAM,MOTHERHUB_JAI,0,145
Shipment,COCHINTCHUB_KAM-MOTHERHUB_KOL,10.0435449,76.3367287,22.708183,88.28565,COCHINTCHUB_KAM,MOTHERHUB_KOL,0,62
Shipment,COCHINTCHUB_KAM-MOTHERHUB_LKO,10.0435449,76.3367287,26.755912,80.910939,COCHINTCHUB_KAM,MOTHERHUB_LKO,0,22
Shipment,COCHINTCHUB_KAM-MOTHERHUB_MED,10.0435449,76.3367287,17.580519,78.469527,COCHINTCHUB_KAM,MOTHERHUB_MED,0,354
Shipment,COCHINTCHUB_KAM-MOTHERHUB_MUM,10.0435449,76.3367287,19.1170238,72.8580558,COCHINTCHUB_KAM,MOTHERHUB_MUM,0,115
Shipment,COCHINTCHUB_KAM-MOTHERHUB_PAT,10.0435449,76.3367287,25.587197,85.185842,COCHINTCHUB_KAM,MOTHERHUB_PAT,0,17
Shipment,COCHINTCHUB_KAM-MOTHERHUB_PTI,10.0435449,76.3367287,28.294166,76.855804,COCHINTCHUB_KAM,MOTHERHUB_PTI,0,1388
Shipment,COCHINTCHUB_KAM-MOTHERHUB_PUNE,10.0435449,76.3367287,18.6087917,73.7268817,COCHINTCHUB_KAM,MOTHERHUB_PUNE,0,51
Shipment,COCHINTCHUB_KAM-MOTHERHUB_RAI,10.0435449,76.3367287,22.056106,82.171855,COCHINTCHUB_KAM,MOTHERHUB_RAI,0,6
Shipment,COCHINTCHUB_KAM-MOTHERHUB_STV,10.0435449,76.3367287,21.0895987,72.900005,COCHINTCHUB_KAM,MOTHERHUB_STV,0,154
Shipment,MOTHERHUB_ABL-COCHINTCHUB_KAM,30.396612,76.8116,10.0435449,76.3367287,MOTHERHUB_ABL,COCHINTCHUB_KAM,0,29
Shipment,MOTHERHUB_ABL-MOTHERHUB_ABL,30.396612,76.8116,30.396612,76.8116,MOTHERHUB_ABL,MOTHERHUB_ABL,0,58
Shipment,MOTHERHUB_ABL-MOTHERHUB_AMD,30.396612,76.8116,22.8978044,72.5902141,MOTHERHUB_ABL,MOTHERHUB_AMD,0,41
Shipment,MOTHERHUB_ABL-MOTHERHUB_BAM,30.396612,76.8116,28.545321,77.02914,MOTHERHUB_ABL,MOTHERHUB_BAM,0,106
Shipment,MOTHERHUB_ABL-MOTHERHUB_BBI,30.396612,76.8116,20.295471,85.84707,MOTHERHUB_ABL,MOTHERHUB_BBI,0,23
Shipment,MOTHERHUB_ABL-MOTHERHUB_BIL,30.396612,76.8116,19.2374987,73.0362352,MOTHERHUB_ABL,MOTHERHUB_BIL,0,119
Shipment,MOTHERHUB_ABL-MOTHERHUB_BLR,30.396612,76.8116,12.9842798,77.8242648,MOTHERHUB_ABL,MOTHERHUB_BLR,0,277
Shipment,MOTHERHUB_ABL-MOTHERHUB_CHN,30.396612,76.8116,13.04591,80.067723,MOTHERHUB_ABL,MOTHERHUB_CHN,0,44
Shipment,MOTHERHUB_ABL-MOTHERHUB_CJB,30.396612,76.8116,11.0633423,77.0910944,MOTHERHUB_ABL,MOTHERHUB_CJB,0,17
Shipment,MOTHERHUB_ABL-MOTHERHUB_GAU,30.396612,76.8116,26.043197,91.705232,MOTHERHUB_ABL,MOTHERHUB_GAU,0,44
Shipment,MOTHERHUB_ABL-MOTHERHUB_GOA,30.396612,76.8116,15.3682554,73.946764,MOTHERHUB_ABL,MOTHERHUB_GOA,0,17
Shipment,MOTHERHUB_ABL-MOTHERHUB_IDR,30.396612,76.8116,22.777113,75.9021171,MOTHERHUB_ABL,MOTHERHUB_IDR,0,27
Shipment,MOTHERHUB_ABL-MOTHERHUB_IXR,30.396612,76.8116,23.352715,85.343538,MOTHERHUB_ABL,MOTHERHUB_IXR,0,15
Shipment,MOTHERHUB_ABL-MOTHERHUB_JAI,30.396612,76.8116,26.948928,75.761927,MOTHERHUB_ABL,MOTHERHUB_JAI,0,73
Shipment,MOTHERHUB_ABL-MOTHERHUB_KOL,30.396612,76.8116,22.708183,88.28565,MOTHERHUB_ABL,MOTHERHUB_KOL,0,105
Shipment,MOTHERHUB_ABL-MOTHERHUB_LKO,30.396612,76.8116,26.755912,80.910939,MOTHERHUB_ABL,MOTHERHUB_LKO,0,52
Shipment,MOTHERHUB_ABL-MOTHERHUB_MED,30.396612,76.8116,17.580519,78.469527,MOTHERHUB_ABL,MOTHERHUB_MED,0,104
Shipment,MOTHERHUB_ABL-MOTHERHUB_MUM,30.396612,76.8116,19.1170238,72.8580558,MOTHERHUB_ABL,MOTHERHUB_MUM,0,47
Shipment,MOTHERHUB_ABL-MOTHERHUB_PAT,30.396612,76.8116,25.587197,85.185842,MOTHERHUB_ABL,MOTHERHUB_PAT,0,35
Shipment,MOTHERHUB_ABL-MOTHERHUB_PTI,30.396612,76.8116,28.294166,76.855804,MOTHERHUB_ABL,MOTHERHUB_PTI,0,677
Shipment,MOTHERHUB_ABL-MOTHERHUB_PUNE,30.396612,76.8116,18.6087917,73.7268817,MOTHERHUB_ABL,MOTHERHUB_PUNE,0,54
Shipment,MOTHERHUB_ABL-MOTHERHUB_RAI,30.396612,76.8116,22.056106,82.171855,MOTHERHUB_ABL,MOTHERHUB_RAI,0,10
Shipment,MOTHERHUB_ABL-MOTHERHUB_STV,30.396612,76.8116,21.0895987,72.900005,MOTHERHUB_ABL,MOTHERHUB_STV,0,31
Shipment,MOTHERHUB_AMD-COCHINTCHUB_KAM,22.8978044,72.5902141,10.0435449,76.3367287,MOTHERHUB_AMD,COCHINTCHUB_KAM,0,166
Shipment,MOTHERHUB_AMD-MOTHERHUB_ABL,22.8978044,72.5902141,30.396612,76.8116,MOTHERHUB_AMD,MOTHERHUB_ABL,0,110
Shipment,MOTHERHUB_AMD-MOTHERHUB_AMD,22.8978044,72.5902141,22.8978044,72.5902141,MOTHERHUB_AMD,MOTHERHUB_AMD,0,302
Shipment,MOTHERHUB_AMD-MOTHERHUB_BAM,22.8978044,72.5902141,28.545321,77.02914,MOTHERHUB_AMD,MOTHERHUB_BAM,0,290
Shipment,MOTHERHUB_AMD-MOTHERHUB_BBI,22.8978044,72.5902141,20.295471,85.84707,MOTHERHUB_AMD,MOTHERHUB_BBI,0,113
Shipment,MOTHERHUB_AMD-MOTHERHUB_BIL,22.8978044,72.5902141,19.2374987,73.0362352,MOTHERHUB_AMD,MOTHERHUB_BIL,0,416
Shipment,MOTHERHUB_AMD-MOTHERHUB_BLR,22.8978044,72.5902141,12.9842798,77.8242648,MOTHERHUB_AMD,MOTHERHUB_BLR,0,923
Shipment,MOTHERHUB_AMD-MOTHERHUB_CHN,22.8978044,72.5902141,13.04591,80.067723,MOTHERHUB_AMD,MOTHERHUB_CHN,0,199
Shipment,MOTHERHUB_AMD-MOTHERHUB_CJB,22.8978044,72.5902141,11.0633423,77.0910944,MOTHERHUB_AMD,MOTHERHUB_CJB,0,70
Shipment,MOTHERHUB_AMD-MOTHERHUB_GAU,22.8978044,72.5902141,26.043197,91.705232,MOTHERHUB_AMD,MOTHERHUB_GAU,0,187
Shipment,MOTHERHUB_AMD-MOTHERHUB_GOA,22.8978044,72.5902141,15.3682554,73.946764,MOTHERHUB_AMD,MOTHERHUB_GOA,0,84
Shipment,MOTHERHUB_AMD-MOTHERHUB_IDR,22.8978044,72.5902141,22.777113,75.9021171,MOTHERHUB_AMD,MOTHERHUB_IDR,0,72
Shipment,MOTHERHUB_AMD-MOTHERHUB_IXR,22.8978044,72.5902141,23.352715,85.343538,MOTHERHUB_AMD,MOTHERHUB_IXR,0,72
Shipment,MOTHERHUB_AMD-MOTHERHUB_JAI,22.8978044,72.5902141,26.948928,75.761927,MOTHERHUB_AMD,MOTHERHUB_JAI,0,142
Shipment,MOTHERHUB_AMD-MOTHERHUB_KOL,22.8978044,72.5902141,22.708183,88.28565,MOTHERHUB_AMD,MOTHERHUB_KOL,0,415
Shipment,MOTHERHUB_AMD-MOTHERHUB_LKO,22.8978044,72.5902141,26.755912,80.910939,MOTHERHUB_AMD,MOTHERHUB_LKO,0,158
Shipment,MOTHERHUB_AMD-MOTHERHUB_MED,22.8978044,72.5902141,17.580519,78.469527,MOTHERHUB_AMD,MOTHERHUB_MED,0,388
Shipment,MOTHERHUB_AMD-MOTHERHUB_MUM,22.8978044,72.5902141,19.1170238,72.8580558,MOTHERHUB_AMD,MOTHERHUB_MUM,0,244
Shipment,MOTHERHUB_AMD-MOTHERHUB_PAT,22.8978044,72.5902141,25.587197,85.185842,MOTHERHUB_AMD,MOTHERHUB_PAT,0,145
Shipment,MOTHERHUB_AMD-MOTHERHUB_PTI,22.8978044,72.5902141,28.294166,76.855804,MOTHERHUB_AMD,MOTHERHUB_PTI,0,717
Shipment,MOTHERHUB_AMD-MOTHERHUB_PUNE,22.8978044,72.5902141,18.6087917,73.7268817,MOTHERHUB_AMD,MOTHERHUB_PUNE,0,384
Shipment,MOTHERHUB_AMD-MOTHERHUB_RAI,22.8978044,72.5902141,22.056106,82.171855,MOTHERHUB_AMD,MOTHERHUB_RAI,0,40
Shipment,MOTHERHUB_AMD-MOTHERHUB_STV,22.8978044,72.5902141,21.0895987,72.900005,MOTHERHUB_AMD,MOTHERHUB_STV,0,122
Shipment,MOTHERHUB_BAM-COCHINTCHUB_KAM,28.545321,77.02914,10.0435449,76.3367287,MOTHERHUB_BAM,COCHINTCHUB_KAM,0,544
Shipment,MOTHERHUB_BAM-MOTHERHUB_ABL,28.545321,77.02914,30.396612,76.8116,MOTHERHUB_BAM,MOTHERHUB_ABL,0,118
Shipment,MOTHERHUB_BAM-MOTHERHUB_AMD,28.545321,77.02914,22.8978044,72.5902141,MOTHERHUB_BAM,MOTHERHUB_AMD,0,676
Shipment,MOTHERHUB_BAM-MOTHERHUB_BAM,28.545321,77.02914,28.545321,77.02914,MOTHERHUB_BAM,MOTHERHUB_BAM,0,16221
Shipment,MOTHERHUB_BAM-MOTHERHUB_BBI,28.545321,77.02914,20.295471,85.84707,MOTHERHUB_BAM,MOTHERHUB_BBI,0,581
Shipment,MOTHERHUB_BAM-MOTHERHUB_BIL,28.545321,77.02914,19.2374987,73.0362352,MOTHERHUB_BAM,MOTHERHUB_BIL,0,1035
Shipment,MOTHERHUB_BAM-MOTHERHUB_BLR,28.545321,77.02914,12.9842798,77.8242648,MOTHERHUB_BAM,MOTHERHUB_BLR,0,4028
Shipment,MOTHERHUB_BAM-MOTHERHUB_CHN,28.545321,77.02914,13.04591,80.067723,MOTHERHUB_BAM,MOTHERHUB_CHN,0,831
Shipment,MOTHERHUB_BAM-MOTHERHUB_CJB,28.545321,77.02914,11.0633423,77.0910944,MOTHERHUB_BAM,MOTHERHUB_CJB,0,237
Shipment,MOTHERHUB_BAM-MOTHERHUB_GAU,28.545321,77.02914,26.043197,91.705232,MOTHERHUB_BAM,MOTHERHUB_GAU,0,1523
Shipment,MOTHERHUB_BAM-MOTHERHUB_GOA,28.545321,77.02914,15.3682554,73.946764,MOTHERHUB_BAM,MOTHERHUB_GOA,0,314
Shipment,MOTHERHUB_BAM-MOTHERHUB_IDR,28.545321,77.02914,22.777113,75.9021171,MOTHERHUB_BAM,MOTHERHUB_IDR,0,56
Shipment,MOTHERHUB_BAM-MOTHERHUB_IXR,28.545321,77.02914,23.352715,85.343538,MOTHERHUB_BAM,MOTHERHUB_IXR,0,361
Shipment,MOTHERHUB_BAM-MOTHERHUB_JAI,28.545321,77.02914,26.948928,75.761927,MOTHERHUB_BAM,MOTHERHUB_JAI,0,193
Shipment,MOTHERHUB_BAM-MOTHERHUB_KOL,28.545321,77.02914,22.708183,88.28565,MOTHERHUB_BAM,MOTHERHUB_KOL,0,1906
Shipment,MOTHERHUB_BAM-MOTHERHUB_LKO,28.545321,77.02914,26.755912,80.910939,MOTHERHUB_BAM,MOTHERHUB_LKO,0,91
Shipment,MOTHERHUB_BAM-MOTHERHUB_MED,28.545321,77.02914,17.580519,78.469527,MOTHERHUB_BAM,MOTHERHUB_MED,0,1669
Shipment,MOTHERHUB_BAM-MOTHERHUB_MUM,28.545321,77.02914,19.1170238,72.8580558,MOTHERHUB_BAM,MOTHERHUB_MUM,0,785
Shipment,MOTHERHUB_BAM-MOTHERHUB_PAT,28.545321,77.02914,25.587197,85.185842,MOTHERHUB_BAM,MOTHERHUB_PAT,0,693
Shipment,MOTHERHUB_BAM-MOTHERHUB_PTI,28.545321,77.02914,28.294166,76.855804,MOTHERHUB_BAM,MOTHERHUB_PTI,0,2549
Shipment,MOTHERHUB_BAM-MOTHERHUB_PUNE,28.545321,77.02914,18.6087917,73.7268817,MOTHERHUB_BAM,MOTHERHUB_PUNE,0,1307
Shipment,MOTHERHUB_BAM-MOTHERHUB_RAI,28.545321,77.02914,22.056106,82.171855,MOTHERHUB_BAM,MOTHERHUB_RAI,0,275
Shipment,MOTHERHUB_BAM-MOTHERHUB_STV,28.545321,77.02914,21.0895987,72.900005,MOTHERHUB_BAM,MOTHERHUB_STV,0,278
Shipment,MOTHERHUB_BBI-COCHINTCHUB_KAM,20.295471,85.84707,10.0435449,76.3367287,MOTHERHUB_BBI,COCHINTCHUB_KAM,0,14
Shipment,MOTHERHUB_BBI-MOTHERHUB_ABL,20.295471,85.84707,30.396612,76.8116,MOTHERHUB_BBI,MOTHERHUB_ABL,0,26
Shipment,MOTHERHUB_BBI-MOTHERHUB_AMD,20.295471,85.84707,22.8978044,72.5902141,MOTHERHUB_BBI,MOTHERHUB_AMD,0,35
Shipment,MOTHERHUB_BBI-MOTHERHUB_BAM,20.295471,85.84707,28.545321,77.02914,MOTHERHUB_BBI,MOTHERHUB_BAM,0,22
Shipment,MOTHERHUB_BBI-MOTHERHUB_BBI,20.295471,85.84707,20.295471,85.84707,MOTHERHUB_BBI,MOTHERHUB_BBI,0,12
Shipment,MOTHERHUB_BBI-MOTHERHUB_BIL,20.295471,85.84707,19.2374987,73.0362352,MOTHERHUB_BBI,MOTHERHUB_BIL,0,72
Shipment,MOTHERHUB_BBI-MOTHERHUB_BLR,20.295471,85.84707,12.9842798,77.8242648,MOTHERHUB_BBI,MOTHERHUB_BLR,0,196
Shipment,MOTHERHUB_BBI-MOTHERHUB_CHN,20.295471,85.84707,13.04591,80.067723,MOTHERHUB_BBI,MOTHERHUB_CHN,0,24
Shipment,MOTHERHUB_BBI-MOTHERHUB_CJB,20.295471,85.84707,11.0633423,77.0910944,MOTHERHUB_BBI,MOTHERHUB_CJB,0,12
Shipment,MOTHERHUB_BBI-MOTHERHUB_GAU,20.295471,85.84707,26.043197,91.705232,MOTHERHUB_BBI,MOTHERHUB_GAU,0,16
Shipment,MOTHERHUB_BBI-MOTHERHUB_GOA,20.295471,85.84707,15.3682554,73.946764,MOTHERHUB_BBI,MOTHERHUB_GOA,0,9
Shipment,MOTHERHUB_BBI-MOTHERHUB_IDR,20.295471,85.84707,22.777113,75.9021171,MOTHERHUB_BBI,MOTHERHUB_IDR,0,12
Shipment,MOTHERHUB_BBI-MOTHERHUB_IXR,20.295471,85.84707,23.352715,85.343538,MOTHERHUB_BBI,MOTHERHUB_IXR,0,7
Shipment,MOTHERHUB_BBI-MOTHERHUB_JAI,20.295471,85.84707,26.948928,75.761927,MOTHERHUB_BBI,MOTHERHUB_JAI,0,48
Shipment,MOTHERHUB_BBI-MOTHERHUB_KOL,20.295471,85.84707,22.708183,88.28565,MOTHERHUB_BBI,MOTHERHUB_KOL,0,96
Shipment,MOTHERHUB_BBI-MOTHERHUB_LKO,20.295471,85.84707,26.755912,80.910939,MOTHERHUB_BBI,MOTHERHUB_LKO,0,14
Shipment,MOTHERHUB_BBI-MOTHERHUB_MED,20.295471,85.84707,17.580519,78.469527,MOTHERHUB_BBI,MOTHERHUB_MED,0,86
Shipment,MOTHERHUB_BBI-MOTHERHUB_MUM,20.295471,85.84707,19.1170238,72.8580558,MOTHERHUB_BBI,MOTHERHUB_MUM,0,40
Shipment,MOTHERHUB_BBI-MOTHERHUB_PAT,20.295471,85.84707,25.587197,85.185842,MOTHERHUB_BBI,MOTHERHUB_PAT,0,17
Shipment,MOTHERHUB_BBI-MOTHERHUB_PTI,20.295471,85.84707,28.294166,76.855804,MOTHERHUB_BBI,MOTHERHUB_PTI,0,382
Shipment,MOTHERHUB_BBI-MOTHERHUB_PUNE,20.295471,85.84707,18.6087917,73.7268817,MOTHERHUB_BBI,MOTHERHUB_PUNE,0,38
Shipment,MOTHERHUB_BBI-MOTHERHUB_RAI,20.295471,85.84707,22.056106,82.171855,MOTHERHUB_BBI,MOTHERHUB_RAI,0,6
Shipment,MOTHERHUB_BBI-MOTHERHUB_STV,20.295471,85.84707,21.0895987,72.900005,MOTHERHUB_BBI,MOTHERHUB_STV,0,57
Shipment,MOTHERHUB_BIL-COCHINTCHUB_KAM,19.2374987,73.0362352,10.0435449,76.3367287,MOTHERHUB_BIL,COCHINTCHUB_KAM,0,736
Shipment,MOTHERHUB_BIL-MOTHERHUB_ABL,19.2374987,73.0362352,30.396612,76.8116,MOTHERHUB_BIL,MOTHERHUB_ABL,0,568
Shipment,MOTHERHUB_BIL-MOTHERHUB_AMD,19.2374987,73.0362352,22.8978044,72.5902141,MOTHERHUB_BIL,MOTHERHUB_AMD,0,1800
Shipment,MOTHERHUB_BIL-MOTHERHUB_BAM,19.2374987,73.0362352,28.545321,77.02914,MOTHERHUB_BIL,MOTHERHUB_BAM,0,1900
Shipment,MOTHERHUB_BIL-MOTHERHUB_BBI,19.2374987,73.0362352,20.295471,85.84707,MOTHERHUB_BIL,MOTHERHUB_BBI,0,513
Shipment,MOTHERHUB_BIL-MOTHERHUB_BIL,19.2374987,73.0362352,19.2374987,73.0362352,MOTHERHUB_BIL,MOTHERHUB_BIL,0,2181
Shipment,MOTHERHUB_BIL-MOTHERHUB_BLR,19.2374987,73.0362352,12.9842798,77.8242648,MOTHERHUB_BIL,MOTHERHUB_BLR,0,3848
Shipment,MOTHERHUB_BIL-MOTHERHUB_CHN,19.2374987,73.0362352,13.04591,80.067723,MOTHERHUB_BIL,MOTHERHUB_CHN,0,867
Shipment,MOTHERHUB_BIL-MOTHERHUB_CJB,19.2374987,73.0362352,11.0633423,77.0910944,MOTHERHUB_BIL,MOTHERHUB_CJB,0,286
Shipment,MOTHERHUB_BIL-MOTHERHUB_GAU,19.2374987,73.0362352,26.043197,91.705232,MOTHERHUB_BIL,MOTHERHUB_GAU,0,873
Shipment,MOTHERHUB_BIL-MOTHERHUB_GOA,19.2374987,73.0362352,15.3682554,73.946764,MOTHERHUB_BIL,MOTHERHUB_GOA,0,688
Shipment,MOTHERHUB_BIL-MOTHERHUB_IDR,19.2374987,73.0362352,22.777113,75.9021171,MOTHERHUB_BIL,MOTHERHUB_IDR,0,470
Shipment,MOTHERHUB_BIL-MOTHERHUB_IXR,19.2374987,73.0362352,23.352715,85.343538,MOTHERHUB_BIL,MOTHERHUB_IXR,0,300
Shipment,MOTHERHUB_BIL-MOTHERHUB_JAI,19.2374987,73.0362352,26.948928,75.761927,MOTHERHUB_BIL,MOTHERHUB_JAI,0,559
Shipment,MOTHERHUB_BIL-MOTHERHUB_KOL,19.2374987,73.0362352,22.708183,88.28565,MOTHERHUB_BIL,MOTHERHUB_KOL,0,1728
Shipment,MOTHERHUB_BIL-MOTHERHUB_LKO,19.2374987,73.0362352,26.755912,80.910939,MOTHERHUB_BIL,MOTHERHUB_LKO,0,726
Shipment,MOTHERHUB_BIL-MOTHERHUB_MED,19.2374987,73.0362352,17.580519,78.469527,MOTHERHUB_BIL,MOTHERHUB_MED,0,1828
Shipment,MOTHERHUB_BIL-MOTHERHUB_MUM,19.2374987,73.0362352,19.1170238,72.8580558,MOTHERHUB_BIL,MOTHERHUB_MUM,0,1701
Shipment,MOTHERHUB_BIL-MOTHERHUB_PAT,19.2374987,73.0362352,25.587197,85.185842,MOTHERHUB_BIL,MOTHERHUB_PAT,0,619
Shipment,MOTHERHUB_BIL-MOTHERHUB_PTI,19.2374987,73.0362352,28.294166,76.855804,MOTHERHUB_BIL,MOTHERHUB_PTI,0,1412
Shipment,MOTHERHUB_BIL-MOTHERHUB_PUNE,19.2374987,73.0362352,18.6087917,73.7268817,MOTHERHUB_BIL,MOTHERHUB_PUNE,0,3506
Shipment,MOTHERHUB_BIL-MOTHERHUB_RAI,19.2374987,73.0362352,22.056106,82.171855,MOTHERHUB_BIL,MOTHERHUB_RAI,0,296
Shipment,MOTHERHUB_BIL-MOTHERHUB_STV,19.2374987,73.0362352,21.0895987,72.900005,MOTHERHUB_BIL,MOTHERHUB_STV,0,469
Shipment,MOTHERHUB_BLR-COCHINTCHUB_KAM,12.9842798,77.8242648,10.0435449,76.3367287,MOTHERHUB_BLR,COCHINTCHUB_KAM,0,2871
Shipment,MOTHERHUB_BLR-MOTHERHUB_ABL,12.9842798,77.8242648,30.396612,76.8116,MOTHERHUB_BLR,MOTHERHUB_ABL,0,1080
Shipment,MOTHERHUB_BLR-MOTHERHUB_AMD,12.9842798,77.8242648,22.8978044,72.5902141,MOTHERHUB_BLR,MOTHERHUB_AMD,0,1183
Shipment,MOTHERHUB_BLR-MOTHERHUB_BAM,12.9842798,77.8242648,28.545321,77.02914,MOTHERHUB_BLR,MOTHERHUB_BAM,0,3395
Shipment,MOTHERHUB_BLR-MOTHERHUB_BBI,12.9842798,77.8242648,20.295471,85.84707,MOTHERHUB_BLR,MOTHERHUB_BBI,0,943
Shipment,MOTHERHUB_BLR-MOTHERHUB_BIL,12.9842798,77.8242648,19.2374987,73.0362352,MOTHERHUB_BLR,MOTHERHUB_BIL,0,1421
Shipment,MOTHERHUB_BLR-MOTHERHUB_BLR,12.9842798,77.8242648,12.9842798,77.8242648,MOTHERHUB_BLR,MOTHERHUB_BLR,0,14613
Shipment,MOTHERHUB_BLR-MOTHERHUB_CHN,12.9842798,77.8242648,13.04591,80.067723,MOTHERHUB_BLR,MOTHERHUB_CHN,0,3313
Shipment,MOTHERHUB_BLR-MOTHERHUB_CJB,12.9842798,77.8242648,11.0633423,77.0910944,MOTHERHUB_BLR,MOTHERHUB_CJB,0,1103
Shipment,MOTHERHUB_BLR-MOTHERHUB_GAU,12.9842798,77.8242648,26.043197,91.705232,MOTHERHUB_BLR,MOTHERHUB_GAU,0,1188
Shipment,MOTHERHUB_BLR-MOTHERHUB_GOA,12.9842798,77.8242648,15.3682554,73.946764,MOTHERHUB_BLR,MOTHERHUB_GOA,0,660
Shipment,MOTHERHUB_BLR-MOTHERHUB_IDR,12.9842798,77.8242648,22.777113,75.9021171,MOTHERHUB_BLR,MOTHERHUB_IDR,0,902
Shipment,MOTHERHUB_BLR-MOTHERHUB_IXR,12.9842798,77.8242648,23.352715,85.343538,MOTHERHUB_BLR,MOTHERHUB_IXR,0,589
Shipment,MOTHERHUB_BLR-MOTHERHUB_JAI,12.9842798,77.8242648,26.948928,75.761927,MOTHERHUB_BLR,MOTHERHUB_JAI,0,1445
Shipment,MOTHERHUB_BLR-MOTHERHUB_KOL,12.9842798,77.8242648,22.708183,88.28565,MOTHERHUB_BLR,MOTHERHUB_KOL,0,2989
Shipment,MOTHERHUB_BLR-MOTHERHUB_LKO,12.9842798,77.8242648,26.755912,80.910939,MOTHERHUB_BLR,MOTHERHUB_LKO,0,758
Shipment,MOTHERHUB_BLR-MOTHERHUB_MED,12.9842798,77.8242648,17.580519,78.469527,MOTHERHUB_BLR,MOTHERHUB_MED,0,4806
Shipment,MOTHERHUB_BLR-MOTHERHUB_MUM,12.9842798,77.8242648,19.1170238,72.8580558,MOTHERHUB_BLR,MOTHERHUB_MUM,0,1434
Shipment,MOTHERHUB_BLR-MOTHERHUB_PAT,12.9842798,77.8242648,25.587197,85.185842,MOTHERHUB_BLR,MOTHERHUB_PAT,0,888
Shipment,MOTHERHUB_BLR-MOTHERHUB_PTI,12.9842798,77.8242648,28.294166,76.855804,MOTHERHUB_BLR,MOTHERHUB_PTI,0,3135
Shipment,MOTHERHUB_BLR-MOTHERHUB_PUNE,12.9842798,77.8242648,18.6087917,73.7268817,MOTHERHUB_BLR,MOTHERHUB_PUNE,0,2551
Shipment,MOTHERHUB_BLR-MOTHERHUB_RAI,12.9842798,77.8242648,22.056106,82.171855,MOTHERHUB_BLR,MOTHERHUB_RAI,0,417
Shipment,MOTHERHUB_BLR-MOTHERHUB_STV,12.9842798,77.8242648,21.0895987,72.900005,MOTHERHUB_BLR,MOTHERHUB_STV,0,361
Shipment,MOTHERHUB_CHN-COCHINTCHUB_KAM,13.04591,80.067723,10.0435449,76.3367287,MOTHERHUB_CHN,COCHINTCHUB_KAM,0,625
Shipment,MOTHERHUB_CHN-MOTHERHUB_ABL,13.04591,80.067723,30.396612,76.8116,MOTHERHUB_CHN,MOTHERHUB_ABL,0,269
Shipment,MOTHERHUB_CHN-MOTHERHUB_AMD,13.04591,80.067723,22.8978044,72.5902141,MOTHERHUB_CHN,MOTHERHUB_AMD,0,551
Shipment,MOTHERHUB_CHN-MOTHERHUB_BAM,13.04591,80.067723,28.545321,77.02914,MOTHERHUB_CHN,MOTHERHUB_BAM,0,1310
Shipment,MOTHERHUB_CHN-MOTHERHUB_BBI,13.04591,80.067723,20.295471,85.84707,MOTHERHUB_CHN,MOTHERHUB_BBI,0,281
Shipment,MOTHERHUB_CHN-MOTHERHUB_BIL,13.04591,80.067723,19.2374987,73.0362352,MOTHERHUB_CHN,MOTHERHUB_BIL,0,543
Shipment,MOTHERHUB_CHN-MOTHERHUB_BLR,13.04591,80.067723,12.9842798,77.8242648,MOTHERHUB_CHN,MOTHERHUB_BLR,0,3965
Shipment,MOTHERHUB_CHN-MOTHERHUB_CHN,13.04591,80.067723,13.04591,80.067723,MOTHERHUB_CHN,MOTHERHUB_CHN,0,1352
Shipment,MOTHERHUB_CHN-MOTHERHUB_CJB,13.04591,80.067723,11.0633423,77.0910944,MOTHERHUB_CHN,MOTHERHUB_CJB,0,334
Shipment,MOTHERHUB_CHN-MOTHERHUB_GAU,13.04591,80.067723,26.043197,91.705232,MOTHERHUB_CHN,MOTHERHUB_GAU,0,271
Shipment,MOTHERHUB_CHN-MOTHERHUB_GOA,13.04591,80.067723,15.3682554,73.946764,MOTHERHUB_CHN,MOTHERHUB_GOA,0,169
Shipment,MOTHERHUB_CHN-MOTHERHUB_IDR,13.04591,80.067723,22.777113,75.9021171,MOTHERHUB_CHN,MOTHERHUB_IDR,0,296
Shipment,MOTHERHUB_CHN-MOTHERHUB_IXR,13.04591,80.067723,23.352715,85.343538,MOTHERHUB_CHN,MOTHERHUB_IXR,0,154
Shipment,MOTHERHUB_CHN-MOTHERHUB_JAI,13.04591,80.067723,26.948928,75.761927,MOTHERHUB_CHN,MOTHERHUB_JAI,0,435
Shipment,MOTHERHUB_CHN-MOTHERHUB_KOL,13.04591,80.067723,22.708183,88.28565,MOTHERHUB_CHN,MOTHERHUB_KOL,0,1013
Shipment,MOTHERHUB_CHN-MOTHERHUB_LKO,13.04591,80.067723,26.755912,80.910939,MOTHERHUB_CHN,MOTHERHUB_LKO,0,113
Shipment,MOTHERHUB_CHN-MOTHERHUB_MED,13.04591,80.067723,17.580519,78.469527,MOTHERHUB_CHN,MOTHERHUB_MED,0,1460
Shipment,MOTHERHUB_CHN-MOTHERHUB_MUM,13.04591,80.067723,19.1170238,72.8580558,MOTHERHUB_CHN,MOTHERHUB_MUM,0,575
Shipment,MOTHERHUB_CHN-MOTHERHUB_PAT,13.04591,80.067723,25.587197,85.185842,MOTHERHUB_CHN,MOTHERHUB_PAT,0,293
Shipment,MOTHERHUB_CHN-MOTHERHUB_PTI,13.04591,80.067723,28.294166,76.855804,MOTHERHUB_CHN,MOTHERHUB_PTI,0,1129
Shipment,MOTHERHUB_CHN-MOTHERHUB_PUNE,13.04591,80.067723,18.6087917,73.7268817,MOTHERHUB_CHN,MOTHERHUB_PUNE,0,779
Shipment,MOTHERHUB_CHN-MOTHERHUB_RAI,13.04591,80.067723,22.056106,82.171855,MOTHERHUB_CHN,MOTHERHUB_RAI,0,109
Shipment,MOTHERHUB_CHN-MOTHERHUB_STV,13.04591,80.067723,21.0895987,72.900005,MOTHERHUB_CHN,MOTHERHUB_STV,0,196
Shipment,MOTHERHUB_CJB-COCHINTCHUB_KAM,11.0633423,77.0910944,10.0435449,76.3367287,MOTHERHUB_CJB,COCHINTCHUB_KAM,0,42
Shipment,MOTHERHUB_CJB-MOTHERHUB_ABL,11.0633423,77.0910944,30.396612,76.8116,MOTHERHUB_CJB,MOTHERHUB_ABL,0,20
Shipment,MOTHERHUB_CJB-MOTHERHUB_AMD,11.0633423,77.0910944,22.8978044,72.5902141,MOTHERHUB_CJB,MOTHERHUB_AMD,0,31
Shipment,MOTHERHUB_CJB-MOTHERHUB_BAM,11.0633423,77.0910944,28.545321,77.02914,MOTHERHUB_CJB,MOTHERHUB_BAM,0,30
Shipment,MOTHERHUB_CJB-MOTHERHUB_BBI,11.0633423,77.0910944,20.295471,85.84707,MOTHERHUB_CJB,MOTHERHUB_BBI,0,14
Shipment,MOTHERHUB_CJB-MOTHERHUB_BIL,11.0633423,77.0910944,19.2374987,73.0362352,MOTHERHUB_CJB,MOTHERHUB_BIL,0,39
Shipment,MOTHERHUB_CJB-MOTHERHUB_BLR,11.0633423,77.0910944,12.9842798,77.8242648,MOTHERHUB_CJB,MOTHERHUB_BLR,0,232
Shipment,MOTHERHUB_CJB-MOTHERHUB_CHN,11.0633423,77.0910944,13.04591,80.067723,MOTHERHUB_CJB,MOTHERHUB_CHN,0,52
Shipment,MOTHERHUB_CJB-MOTHERHUB_CJB,11.0633423,77.0910944,11.0633423,77.0910944,MOTHERHUB_CJB,MOTHERHUB_CJB,0,24
Shipment,MOTHERHUB_CJB-MOTHERHUB_GAU,11.0633423,77.0910944,26.043197,91.705232,MOTHERHUB_CJB,MOTHERHUB_GAU,0,21
Shipment,MOTHERHUB_CJB-MOTHERHUB_GOA,11.0633423,77.0910944,15.3682554,73.946764,MOTHERHUB_CJB,MOTHERHUB_GOA,0,15
Shipment,MOTHERHUB_CJB-MOTHERHUB_IDR,11.0633423,77.0910944,22.777113,75.9021171,MOTHERHUB_CJB,MOTHERHUB_IDR,0,12
Shipment,MOTHERHUB_CJB-MOTHERHUB_IXR,11.0633423,77.0910944,23.352715,85.343538,MOTHERHUB_CJB,MOTHERHUB_IXR,0,7
Shipment,MOTHERHUB_CJB-MOTHERHUB_JAI,11.0633423,77.0910944,26.948928,75.761927,MOTHERHUB_CJB,MOTHERHUB_JAI,0,36
Shipment,MOTHERHUB_CJB-MOTHERHUB_KOL,11.0633423,77.0910944,22.708183,88.28565,MOTHERHUB_CJB,MOTHERHUB_KOL,0,48
Shipment,MOTHERHUB_CJB-MOTHERHUB_LKO,11.0633423,77.0910944,26.755912,80.910939,MOTHERHUB_CJB,MOTHERHUB_LKO,0,16
Shipment,MOTHERHUB_CJB-MOTHERHUB_MED,11.0633423,77.0910944,17.580519,78.469527,MOTHERHUB_CJB,MOTHERHUB_MED,0,101
Shipment,MOTHERHUB_CJB-MOTHERHUB_MUM,11.0633423,77.0910944,19.1170238,72.8580558,MOTHERHUB_CJB,MOTHERHUB_MUM,0,30
Shipment,MOTHERHUB_CJB-MOTHERHUB_PAT,11.0633423,77.0910944,25.587197,85.185842,MOTHERHUB_CJB,MOTHERHUB_PAT,0,18
Shipment,MOTHERHUB_CJB-MOTHERHUB_PTI,11.0633423,77.0910944,28.294166,76.855804,MOTHERHUB_CJB,MOTHERHUB_PTI,0,167
Shipment,MOTHERHUB_CJB-MOTHERHUB_PUNE,11.0633423,77.0910944,18.6087917,73.7268817,MOTHERHUB_CJB,MOTHERHUB_PUNE,0,37
Shipment,MOTHERHUB_CJB-MOTHERHUB_RAI,11.0633423,77.0910944,22.056106,82.171855,MOTHERHUB_CJB,MOTHERHUB_RAI,0,6
Shipment,MOTHERHUB_CJB-MOTHERHUB_STV,11.0633423,77.0910944,21.0895987,72.900005,MOTHERHUB_CJB,MOTHERHUB_STV,0,18
Shipment,MOTHERHUB_GAU-COCHINTCHUB_KAM,26.043197,91.705232,10.0435449,76.3367287,MOTHERHUB_GAU,COCHINTCHUB_KAM,0,14
Shipment,MOTHERHUB_GAU-MOTHERHUB_ABL,26.043197,91.705232,30.396612,76.8116,MOTHERHUB_GAU,MOTHERHUB_ABL,0,39
Shipment,MOTHERHUB_GAU-MOTHERHUB_AMD,26.043197,91.705232,22.8978044,72.5902141,MOTHERHUB_GAU,MOTHERHUB_AMD,0,44
Shipment,MOTHERHUB_GAU-MOTHERHUB_BAM,26.043197,91.705232,28.545321,77.02914,MOTHERHUB_GAU,MOTHERHUB_BAM,0,22
Shipment,MOTHERHUB_GAU-MOTHERHUB_BBI,26.043197,91.705232,20.295471,85.84707,MOTHERHUB_GAU,MOTHERHUB_BBI,0,12
Shipment,MOTHERHUB_GAU-MOTHERHUB_BIL,26.043197,91.705232,19.2374987,73.0362352,MOTHERHUB_GAU,MOTHERHUB_BIL,0,82
Shipment,MOTHERHUB_GAU-MOTHERHUB_BLR,26.043197,91.705232,12.9842798,77.8242648,MOTHERHUB_GAU,MOTHERHUB_BLR,0,195
Shipment,MOTHERHUB_GAU-MOTHERHUB_CHN,26.043197,91.705232,13.04591,80.067723,MOTHERHUB_GAU,MOTHERHUB_CHN,0,25
Shipment,MOTHERHUB_GAU-MOTHERHUB_CJB,26.043197,91.705232,11.0633423,77.0910944,MOTHERHUB_GAU,MOTHERHUB_CJB,0,18
Shipment,MOTHERHUB_GAU-MOTHERHUB_GAU,26.043197,91.705232,26.043197,91.705232,MOTHERHUB_GAU,MOTHERHUB_GAU,0,16
Shipment,MOTHERHUB_GAU-MOTHERHUB_GOA,26.043197,91.705232,15.3682554,73.946764,MOTHERHUB_GAU,MOTHERHUB_GOA,0,9
Shipment,MOTHERHUB_GAU-MOTHERHUB_IDR,26.043197,91.705232,22.777113,75.9021171,MOTHERHUB_GAU,MOTHERHUB_IDR,0,13
Shipment,MOTHERHUB_GAU-MOTHERHUB_IXR,26.043197,91.705232,23.352715,85.343538,MOTHERHUB_GAU,MOTHERHUB_IXR,0,7
Shipment,MOTHERHUB_GAU-MOTHERHUB_JAI,26.043197,91.705232,26.948928,75.761927,MOTHERHUB_GAU,MOTHERHUB_JAI,0,82
Shipment,MOTHERHUB_GAU-MOTHERHUB_KOL,26.043197,91.705232,22.708183,88.28565,MOTHERHUB_GAU,MOTHERHUB_KOL,0,102
Shipment,MOTHERHUB_GAU-MOTHERHUB_LKO,26.043197,91.705232,26.755912,80.910939,MOTHERHUB_GAU,MOTHERHUB_LKO,0,14
Shipment,MOTHERHUB_GAU-MOTHERHUB_MED,26.043197,91.705232,17.580519,78.469527,MOTHERHUB_GAU,MOTHERHUB_MED,0,101
Shipment,MOTHERHUB_GAU-MOTHERHUB_MUM,26.043197,91.705232,19.1170238,72.8580558,MOTHERHUB_GAU,MOTHERHUB_MUM,0,56
Shipment,MOTHERHUB_GAU-MOTHERHUB_PAT,26.043197,91.705232,25.587197,85.185842,MOTHERHUB_GAU,MOTHERHUB_PAT,0,17
Shipment,MOTHERHUB_GAU-MOTHERHUB_PTI,26.043197,91.705232,28.294166,76.855804,MOTHERHUB_GAU,MOTHERHUB_PTI,0,656
Shipment,MOTHERHUB_GAU-MOTHERHUB_PUNE,26.043197,91.705232,18.6087917,73.7268817,MOTHERHUB_GAU,MOTHERHUB_PUNE,0,40
Shipment,MOTHERHUB_GAU-MOTHERHUB_RAI,26.043197,91.705232,22.056106,82.171855,MOTHERHUB_GAU,MOTHERHUB_RAI,0,6
Shipment,MOTHERHUB_GAU-MOTHERHUB_STV,26.043197,91.705232,21.0895987,72.900005,MOTHERHUB_GAU,MOTHERHUB_STV,0,78
Shipment,MOTHERHUB_GOA-COCHINTCHUB_KAM,15.3682554,73.946764,10.0435449,76.3367287,MOTHERHUB_GOA,COCHINTCHUB_KAM,0,14
Shipment,MOTHERHUB_GOA-MOTHERHUB_ABL,15.3682554,73.946764,30.396612,76.8116,MOTHERHUB_GOA,MOTHERHUB_ABL,0,24
Shipment,MOTHERHUB_GOA-MOTHERHUB_AMD,15.3682554,73.946764,22.8978044,72.5902141,MOTHERHUB_GOA,MOTHERHUB_AMD,0,34
Shipment,MOTHERHUB_GOA-MOTHERHUB_BAM,15.3682554,73.946764,28.545321,77.02914,MOTHERHUB_GOA,MOTHERHUB_BAM,0,22
Shipment,MOTHERHUB_GOA-MOTHERHUB_BBI,15.3682554,73.946764,20.295471,85.84707,MOTHERHUB_GOA,MOTHERHUB_BBI,0,12
Shipment,MOTHERHUB_GOA-MOTHERHUB_BIL,15.3682554,73.946764,19.2374987,73.0362352,MOTHERHUB_GOA,MOTHERHUB_BIL,0,79
Shipment,MOTHERHUB_GOA-MOTHERHUB_BLR,15.3682554,73.946764,12.9842798,77.8242648,MOTHERHUB_GOA,MOTHERHUB_BLR,0,160
Shipment,MOTHERHUB_GOA-MOTHERHUB_CHN,15.3682554,73.946764,13.04591,80.067723,MOTHERHUB_GOA,MOTHERHUB_CHN,0,20
Shipment,MOTHERHUB_GOA-MOTHERHUB_CJB,15.3682554,73.946764,11.0633423,77.0910944,MOTHERHUB_GOA,MOTHERHUB_CJB,0,12
Shipment,MOTHERHUB_GOA-MOTHERHUB_GAU,15.3682554,73.946764,26.043197,91.705232,MOTHERHUB_GOA,MOTHERHUB_GAU,0,16
Shipment,MOTHERHUB_GOA-MOTHERHUB_GOA,15.3682554,73.946764,15.3682554,73.946764,MOTHERHUB_GOA,MOTHERHUB_GOA,0,9
Shipment,MOTHERHUB_GOA-MOTHERHUB_IDR,15.3682554,73.946764,22.777113,75.9021171,MOTHERHUB_GOA,MOTHERHUB_IDR,0,12
Shipment,MOTHERHUB_GOA-MOTHERHUB_IXR,15.3682554,73.946764,23.352715,85.343538,MOTHERHUB_GOA,MOTHERHUB_IXR,0,7
Shipment,MOTHERHUB_GOA-MOTHERHUB_JAI,15.3682554,73.946764,26.948928,75.761927,MOTHERHUB_GOA,MOTHERHUB_JAI,0,42
Shipment,MOTHERHUB_GOA-MOTHERHUB_KOL,15.3682554,73.946764,22.708183,88.28565,MOTHERHUB_GOA,MOTHERHUB_KOL,0,37
Shipment,MOTHERHUB_GOA-MOTHERHUB_LKO,15.3682554,73.946764,26.755912,80.910939,MOTHERHUB_GOA,MOTHERHUB_LKO,0,13
Shipment,MOTHERHUB_GOA-MOTHERHUB_MED,15.3682554,73.946764,17.580519,78.469527,MOTHERHUB_GOA,MOTHERHUB_MED,0,70
Shipment,MOTHERHUB_GOA-MOTHERHUB_MUM,15.3682554,73.946764,19.1170238,72.8580558,MOTHERHUB_GOA,MOTHERHUB_MUM,0,31
Shipment,MOTHERHUB_GOA-MOTHERHUB_PAT,15.3682554,73.946764,25.587197,85.185842,MOTHERHUB_GOA,MOTHERHUB_PAT,0,17
Shipment,MOTHERHUB_GOA-MOTHERHUB_PTI,15.3682554,73.946764,28.294166,76.855804,MOTHERHUB_GOA,MOTHERHUB_PTI,0,251
Shipment,MOTHERHUB_GOA-MOTHERHUB_PUNE,15.3682554,73.946764,18.6087917,73.7268817,MOTHERHUB_GOA,MOTHERHUB_PUNE,0,38
Shipment,MOTHERHUB_GOA-MOTHERHUB_RAI,15.3682554,73.946764,22.056106,82.171855,MOTHERHUB_GOA,MOTHERHUB_RAI,0,6
Shipment,MOTHERHUB_GOA-MOTHERHUB_STV,15.3682554,73.946764,21.0895987,72.900005,MOTHERHUB_GOA,MOTHERHUB_STV,0,27
Shipment,MOTHERHUB_IDR-COCHINTCHUB_KAM,22.777113,75.9021171,10.0435449,76.3367287,MOTHERHUB_IDR,COCHINTCHUB_KAM,0,23
Shipment,MOTHERHUB_IDR-MOTHERHUB_ABL,22.777113,75.9021171,30.396612,76.8116,MOTHERHUB_IDR,MOTHERHUB_ABL,0,37
Shipment,MOTHERHUB_IDR-MOTHERHUB_AMD,22.777113,75.9021171,22.8978044,72.5902141,MOTHERHUB_IDR,MOTHERHUB_AMD,0,36
Shipment,MOTHERHUB_IDR-MOTHERHUB_BAM,22.777113,75.9021171,28.545321,77.02914,MOTHERHUB_IDR,MOTHERHUB_BAM,0,73
Shipment,MOTHERHUB_IDR-MOTHERHUB_BBI,22.777113,75.9021171,20.295471,85.84707,MOTHERHUB_IDR,MOTHERHUB_BBI,0,17
Shipment,MOTHERHUB_IDR-MOTHERHUB_BIL,22.777113,75.9021171,19.2374987,73.0362352,MOTHERHUB_IDR,MOTHERHUB_BIL,0,76
Shipment,MOTHERHUB_IDR-MOTHERHUB_BLR,22.777113,75.9021171,12.9842798,77.8242648,MOTHERHUB_IDR,MOTHERHUB_BLR,0,195
Shipment,MOTHERHUB_IDR-MOTHERHUB_CHN,22.777113,75.9021171,13.04591,80.067723,MOTHERHUB_IDR,MOTHERHUB_CHN,0,33
Shipment,MOTHERHUB_IDR-MOTHERHUB_CJB,22.777113,75.9021171,11.0633423,77.0910944,MOTHERHUB_IDR,MOTHERHUB_CJB,0,13
Shipment,MOTHERHUB_IDR-MOTHERHUB_GAU,22.777113,75.9021171,26.043197,91.705232,MOTHERHUB_IDR,MOTHERHUB_GAU,0,28
Shipment,MOTHERHUB_IDR-MOTHERHUB_GOA,22.777113,75.9021171,15.3682554,73.946764,MOTHERHUB_IDR,MOTHERHUB_GOA,0,13
Shipment,MOTHERHUB_IDR-MOTHERHUB_IDR,22.777113,75.9021171,22.777113,75.9021171,MOTHERHUB_IDR,MOTHERHUB_IDR,0,20
Shipment,MOTHERHUB_IDR-MOTHERHUB_IXR,22.777113,75.9021171,23.352715,85.343538,MOTHERHUB_IDR,MOTHERHUB_IXR,0,10
Shipment,MOTHERHUB_IDR-MOTHERHUB_JAI,22.777113,75.9021171,26.948928,75.761927,MOTHERHUB_IDR,MOTHERHUB_JAI,0,53
Shipment,MOTHERHUB_IDR-MOTHERHUB_KOL,22.777113,75.9021171,22.708183,88.28565,MOTHERHUB_IDR,MOTHERHUB_KOL,0,69
Shipment,MOTHERHUB_IDR-MOTHERHUB_LKO,22.777113,75.9021171,26.755912,80.910939,MOTHERHUB_IDR,MOTHERHUB_LKO,0,40
Shipment,MOTHERHUB_IDR-MOTHERHUB_MED,22.777113,75.9021171,17.580519,78.469527,MOTHERHUB_IDR,MOTHERHUB_MED,0,73
Shipment,MOTHERHUB_IDR-MOTHERHUB_MUM,22.777113,75.9021171,19.1170238,72.8580558,MOTHERHUB_IDR,MOTHERHUB_MUM,0,30
Shipment,MOTHERHUB_IDR-MOTHERHUB_PAT,22.777113,75.9021171,25.587197,85.185842,MOTHERHUB_IDR,MOTHERHUB_PAT,0,27
Shipment,MOTHERHUB_IDR-MOTHERHUB_PTI,22.777113,75.9021171,28.294166,76.855804,MOTHERHUB_IDR,MOTHERHUB_PTI,0,402
Shipment,MOTHERHUB_IDR-MOTHERHUB_PUNE,22.777113,75.9021171,18.6087917,73.7268817,MOTHERHUB_IDR,MOTHERHUB_PUNE,0,44
Shipment,MOTHERHUB_IDR-MOTHERHUB_RAI,22.777113,75.9021171,22.056106,82.171855,MOTHERHUB_IDR,MOTHERHUB_RAI,0,8
Shipment,MOTHERHUB_IDR-MOTHERHUB_STV,22.777113,75.9021171,21.0895987,72.900005,MOTHERHUB_IDR,MOTHERHUB_STV,0,40
Shipment,MOTHERHUB_IXR-COCHINTCHUB_KAM,23.352715,85.343538,10.0435449,76.3367287,MOTHERHUB_IXR,COCHINTCHUB_KAM,0,14
Shipment,MOTHERHUB_IXR-MOTHERHUB_ABL,23.352715,85.343538,30.396612,76.8116,MOTHERHUB_IXR,MOTHERHUB_ABL,0,20
Shipment,MOTHERHUB_IXR-MOTHERHUB_AMD,23.352715,85.343538,22.8978044,72.5902141,MOTHERHUB_IXR,MOTHERHUB_AMD,0,33
Shipment,MOTHERHUB_IXR-MOTHERHUB_BAM,23.352715,85.343538,28.545321,77.02914,MOTHERHUB_IXR,MOTHERHUB_BAM,0,22
Shipment,MOTHERHUB_IXR-MOTHERHUB_BBI,23.352715,85.343538,20.295471,85.84707,MOTHERHUB_IXR,MOTHERHUB_BBI,0,12
Shipment,MOTHERHUB_IXR-MOTHERHUB_BIL,23.352715,85.343538,19.2374987,73.0362352,MOTHERHUB_IXR,MOTHERHUB_BIL,0,54
Shipment,MOTHERHUB_IXR-MOTHERHUB_BLR,23.352715,85.343538,12.9842798,77.8242648,MOTHERHUB_IXR,MOTHERHUB_BLR,0,125
Shipment,MOTHERHUB_IXR-MOTHERHUB_CHN,23.352715,85.343538,13.04591,80.067723,MOTHERHUB_IXR,MOTHERHUB_CHN,0,18
Shipment,MOTHERHUB_IXR-MOTHERHUB_CJB,23.352715,85.343538,11.0633423,77.0910944,MOTHERHUB_IXR,MOTHERHUB_CJB,0,9
Shipment,MOTHERHUB_IXR-MOTHERHUB_GAU,23.352715,85.343538,26.043197,91.705232,MOTHERHUB_IXR,MOTHERHUB_GAU,0,16
Shipment,MOTHERHUB_IXR-MOTHERHUB_GOA,23.352715,85.343538,15.3682554,73.946764,MOTHERHUB_IXR,MOTHERHUB_GOA,0,9
Shipment,MOTHERHUB_IXR-MOTHERHUB_IDR,23.352715,85.343538,22.777113,75.9021171,MOTHERHUB_IXR,MOTHERHUB_IDR,0,12
Shipment,MOTHERHUB_IXR-MOTHERHUB_IXR,23.352715,85.343538,23.352715,85.343538,MOTHERHUB_IXR,MOTHERHUB_IXR,0,62
Shipment,MOTHERHUB_IXR-MOTHERHUB_JAI,23.352715,85.343538,26.948928,75.761927,MOTHERHUB_IXR,MOTHERHUB_JAI,0,35
Shipment,MOTHERHUB_IXR-MOTHERHUB_KOL,23.352715,85.343538,22.708183,88.28565,MOTHERHUB_IXR,MOTHERHUB_KOL,0,65
Shipment,MOTHERHUB_IXR-MOTHERHUB_LKO,23.352715,85.343538,26.755912,80.910939,MOTHERHUB_IXR,MOTHERHUB_LKO,0,13
Shipment,MOTHERHUB_IXR-MOTHERHUB_MED,23.352715,85.343538,17.580519,78.469527,MOTHERHUB_IXR,MOTHERHUB_MED,0,61
Shipment,MOTHERHUB_IXR-MOTHERHUB_MUM,23.352715,85.343538,19.1170238,72.8580558,MOTHERHUB_IXR,MOTHERHUB_MUM,0,28
Shipment,MOTHERHUB_IXR-MOTHERHUB_PAT,23.352715,85.343538,25.587197,85.185842,MOTHERHUB_IXR,MOTHERHUB_PAT,0,158
Shipment,MOTHERHUB_IXR-MOTHERHUB_PTI,23.352715,85.343538,28.294166,76.855804,MOTHERHUB_IXR,MOTHERHUB_PTI,0,228
Shipment,MOTHERHUB_IXR-MOTHERHUB_PUNE,23.352715,85.343538,18.6087917,73.7268817,MOTHERHUB_IXR,MOTHERHUB_PUNE,0,37
Shipment,MOTHERHUB_IXR-MOTHERHUB_RAI,23.352715,85.343538,22.056106,82.171855,MOTHERHUB_IXR,MOTHERHUB_RAI,0,6
Shipment,MOTHERHUB_IXR-MOTHERHUB_STV,23.352715,85.343538,21.0895987,72.900005,MOTHERHUB_IXR,MOTHERHUB_STV,0,38
Shipment,MOTHERHUB_JAI-COCHINTCHUB_KAM,26.948928,75.761927,10.0435449,76.3367287,MOTHERHUB_JAI,COCHINTCHUB_KAM,0,406
Shipment,MOTHERHUB_JAI-MOTHERHUB_ABL,26.948928,75.761927,30.396612,76.8116,MOTHERHUB_JAI,MOTHERHUB_ABL,0,318
Shipment,MOTHERHUB_JAI-MOTHERHUB_AMD,26.948928,75.761927,22.8978044,72.5902141,MOTHERHUB_JAI,MOTHERHUB_AMD,0,331
Shipment,MOTHERHUB_JAI-MOTHERHUB_BAM,26.948928,75.761927,28.545321,77.02914,MOTHERHUB_JAI,MOTHERHUB_BAM,0,977
Shipment,MOTHERHUB_JAI-MOTHERHUB_BBI,26.948928,75.761927,20.295471,85.84707,MOTHERHUB_JAI,MOTHERHUB_BBI,0,286
Shipment,MOTHERHUB_JAI-MOTHERHUB_BIL,26.948928,75.761927,19.2374987,73.0362352,MOTHERHUB_JAI,MOTHERHUB_BIL,0,376
Shipment,MOTHERHUB_JAI-MOTHERHUB_BLR,26.948928,75.761927,12.9842798,77.8242648,MOTHERHUB_JAI,MOTHERHUB_BLR,0,2065
Shipment,MOTHERHUB_JAI-MOTHERHUB_CHN,26.948928,75.761927,13.04591,80.067723,MOTHERHUB_JAI,MOTHERHUB_CHN,0,466
Shipment,MOTHERHUB_JAI-MOTHERHUB_CJB,26.948928,75.761927,11.0633423,77.0910944,MOTHERHUB_JAI,MOTHERHUB_CJB,0,179
Shipment,MOTHERHUB_JAI-MOTHERHUB_GAU,26.948928,75.761927,26.043197,91.705232,MOTHERHUB_JAI,MOTHERHUB_GAU,0,557
Shipment,MOTHERHUB_JAI-MOTHERHUB_GOA,26.948928,75.761927,15.3682554,73.946764,MOTHERHUB_JAI,MOTHERHUB_GOA,0,190
Shipment,MOTHERHUB_JAI-MOTHERHUB_IDR,26.948928,75.761927,22.777113,75.9021171,MOTHERHUB_JAI,MOTHERHUB_IDR,0,313
Shipment,MOTHERHUB_JAI-MOTHERHUB_IXR,26.948928,75.761927,23.352715,85.343538,MOTHERHUB_JAI,MOTHERHUB_IXR,0,170
Shipment,MOTHERHUB_JAI-MOTHERHUB_JAI,26.948928,75.761927,26.948928,75.761927,MOTHERHUB_JAI,MOTHERHUB_JAI,0,490
Shipment,MOTHERHUB_JAI-MOTHERHUB_KOL,26.948928,75.761927,22.708183,88.28565,MOTHERHUB_JAI,MOTHERHUB_KOL,0,1077
Shipment,MOTHERHUB_JAI-MOTHERHUB_LKO,26.948928,75.761927,26.755912,80.910939,MOTHERHUB_JAI,MOTHERHUB_LKO,0,517
Shipment,MOTHERHUB_JAI-MOTHERHUB_MED,26.948928,75.761927,17.580519,78.469527,MOTHERHUB_JAI,MOTHERHUB_MED,0,872
Shipment,MOTHERHUB_JAI-MOTHERHUB_MUM,26.948928,75.761927,19.1170238,72.8580558,MOTHERHUB_JAI,MOTHERHUB_MUM,0,294
Shipment,MOTHERHUB_JAI-MOTHERHUB_PAT,26.948928,75.761927,25.587197,85.185842,MOTHERHUB_JAI,MOTHERHUB_PAT,0,390
Shipment,MOTHERHUB_JAI-MOTHERHUB_PTI,26.948928,75.761927,28.294166,76.855804,MOTHERHUB_JAI,MOTHERHUB_PTI,0,1186
Shipment,MOTHERHUB_JAI-MOTHERHUB_PUNE,26.948928,75.761927,18.6087917,73.7268817,MOTHERHUB_JAI,MOTHERHUB_PUNE,0,532
Shipment,MOTHERHUB_JAI-MOTHERHUB_RAI,26.948928,75.761927,22.056106,82.171855,MOTHERHUB_JAI,MOTHERHUB_RAI,0,107
Shipment,MOTHERHUB_JAI-MOTHERHUB_STV,26.948928,75.761927,21.0895987,72.900005,MOTHERHUB_JAI,MOTHERHUB_STV,0,113
Shipment,MOTHERHUB_KOL-COCHINTCHUB_KAM,22.708183,88.28565,10.0435449,76.3367287,MOTHERHUB_KOL,COCHINTCHUB_KAM,0,169
Shipment,MOTHERHUB_KOL-MOTHERHUB_ABL,22.708183,88.28565,30.396612,76.8116,MOTHERHUB_KOL,MOTHERHUB_ABL,0,202
Shipment,MOTHERHUB_KOL-MOTHERHUB_AMD,22.708183,88.28565,22.8978044,72.5902141,MOTHERHUB_KOL,MOTHERHUB_AMD,0,179
Shipment,MOTHERHUB_KOL-MOTHERHUB_BAM,22.708183,88.28565,28.545321,77.02914,MOTHERHUB_KOL,MOTHERHUB_BAM,0,524
Shipment,MOTHERHUB_KOL-MOTHERHUB_BBI,22.708183,88.28565,20.295471,85.84707,MOTHERHUB_KOL,MOTHERHUB_BBI,0,1027
Shipment,MOTHERHUB_KOL-MOTHERHUB_BIL,22.708183,88.28565,19.2374987,73.0362352,MOTHERHUB_KOL,MOTHERHUB_BIL,0,245
Shipment,MOTHERHUB_KOL-MOTHERHUB_BLR,22.708183,88.28565,12.9842798,77.8242648,MOTHERHUB_KOL,MOTHERHUB_BLR,0,1187
Shipment,MOTHERHUB_KOL-MOTHERHUB_CHN,22.708183,88.28565,13.04591,80.067723,MOTHERHUB_KOL,MOTHERHUB_CHN,0,235
Shipment,MOTHERHUB_KOL-MOTHERHUB_CJB,22.708183,88.28565,11.0633423,77.0910944,MOTHERHUB_KOL,MOTHERHUB_CJB,0,84
Shipment,MOTHERHUB_KOL-MOTHERHUB_GAU,22.708183,88.28565,26.043197,91.705232,MOTHERHUB_KOL,MOTHERHUB_GAU,0,1056
Shipment,MOTHERHUB_KOL-MOTHERHUB_GOA,22.708183,88.28565,15.3682554,73.946764,MOTHERHUB_KOL,MOTHERHUB_GOA,0,68
Shipment,MOTHERHUB_KOL-MOTHERHUB_IDR,22.708183,88.28565,22.777113,75.9021171,MOTHERHUB_KOL,MOTHERHUB_IDR,0,83
Shipment,MOTHERHUB_KOL-MOTHERHUB_IXR,22.708183,88.28565,23.352715,85.343538,MOTHERHUB_KOL,MOTHERHUB_IXR,0,556
Shipment,MOTHERHUB_KOL-MOTHERHUB_JAI,22.708183,88.28565,26.948928,75.761927,MOTHERHUB_KOL,MOTHERHUB_JAI,0,236
Shipment,MOTHERHUB_KOL-MOTHERHUB_KOL,22.708183,88.28565,22.708183,88.28565,MOTHERHUB_KOL,MOTHERHUB_KOL,0,3524
Shipment,MOTHERHUB_KOL-MOTHERHUB_LKO,22.708183,88.28565,26.755912,80.910939,MOTHERHUB_KOL,MOTHERHUB_LKO,0,248
Shipment,MOTHERHUB_KOL-MOTHERHUB_MED,22.708183,88.28565,17.580519,78.469527,MOTHERHUB_KOL,MOTHERHUB_MED,0,561
Shipment,MOTHERHUB_KOL-MOTHERHUB_MUM,22.708183,88.28565,19.1170238,72.8580558,MOTHERHUB_KOL,MOTHERHUB_MUM,0,195
Shipment,MOTHERHUB_KOL-MOTHERHUB_PAT,22.708183,88.28565,25.587197,85.185842,MOTHERHUB_KOL,MOTHERHUB_PAT,0,722
Shipment,MOTHERHUB_KOL-MOTHERHUB_PTI,22.708183,88.28565,28.294166,76.855804,MOTHERHUB_KOL,MOTHERHUB_PTI,0,1334
Shipment,MOTHERHUB_KOL-MOTHERHUB_PUNE,22.708183,88.28565,18.6087917,73.7268817,MOTHERHUB_KOL,MOTHERHUB_PUNE,0,255
Shipment,MOTHERHUB_KOL-MOTHERHUB_RAI,22.708183,88.28565,22.056106,82.171855,MOTHERHUB_KOL,MOTHERHUB_RAI,0,314
Shipment,MOTHERHUB_KOL-MOTHERHUB_STV,22.708183,88.28565,21.0895987,72.900005,MOTHERHUB_KOL,MOTHERHUB_STV,0,173
Shipment,MOTHERHUB_LKO-COCHINTCHUB_KAM,26.755912,80.910939,10.0435449,76.3367287,MOTHERHUB_LKO,COCHINTCHUB_KAM,0,41
Shipment,MOTHERHUB_LKO-MOTHERHUB_ABL,26.755912,80.910939,30.396612,76.8116,MOTHERHUB_LKO,MOTHERHUB_ABL,0,105
Shipment,MOTHERHUB_LKO-MOTHERHUB_AMD,26.755912,80.910939,22.8978044,72.5902141,MOTHERHUB_LKO,MOTHERHUB_AMD,0,59
Shipment,MOTHERHUB_LKO-MOTHERHUB_BAM,26.755912,80.910939,28.545321,77.02914,MOTHERHUB_LKO,MOTHERHUB_BAM,0,351
Shipment,MOTHERHUB_LKO-MOTHERHUB_BBI,26.755912,80.910939,20.295471,85.84707,MOTHERHUB_LKO,MOTHERHUB_BBI,0,27
Shipment,MOTHERHUB_LKO-MOTHERHUB_BIL,26.755912,80.910939,19.2374987,73.0362352,MOTHERHUB_LKO,MOTHERHUB_BIL,0,107
Shipment,MOTHERHUB_LKO-MOTHERHUB_BLR,26.755912,80.910939,12.9842798,77.8242648,MOTHERHUB_LKO,MOTHERHUB_BLR,0,272
Shipment,MOTHERHUB_LKO-MOTHERHUB_CHN,26.755912,80.910939,13.04591,80.067723,MOTHERHUB_LKO,MOTHERHUB_CHN,0,48
Shipment,MOTHERHUB_LKO-MOTHERHUB_CJB,26.755912,80.910939,11.0633423,77.0910944,MOTHERHUB_LKO,MOTHERHUB_CJB,0,21
Shipment,MOTHERHUB_LKO-MOTHERHUB_GAU,26.755912,80.910939,26.043197,91.705232,MOTHERHUB_LKO,MOTHERHUB_GAU,0,45
Shipment,MOTHERHUB_LKO-MOTHERHUB_GOA,26.755912,80.910939,15.3682554,73.946764,MOTHERHUB_LKO,MOTHERHUB_GOA,0,13
Shipment,MOTHERHUB_LKO-MOTHERHUB_IDR,26.755912,80.910939,22.777113,75.9021171,MOTHERHUB_LKO,MOTHERHUB_IDR,0,59
Shipment,MOTHERHUB_LKO-MOTHERHUB_IXR,26.755912,80.910939,23.352715,85.343538,MOTHERHUB_LKO,MOTHERHUB_IXR,0,25
Shipment,MOTHERHUB_LKO-MOTHERHUB_JAI,26.755912,80.910939,26.948928,75.761927,MOTHERHUB_LKO,MOTHERHUB_JAI,0,168
Shipment,MOTHERHUB_LKO-MOTHERHUB_KOL,26.755912,80.910939,22.708183,88.28565,MOTHERHUB_LKO,MOTHERHUB_KOL,0,118
Shipment,MOTHERHUB_LKO-MOTHERHUB_LKO,26.755912,80.910939,26.755912,80.910939,MOTHERHUB_LKO,MOTHERHUB_LKO,0,375
Shipment,MOTHERHUB_LKO-MOTHERHUB_MED,26.755912,80.910939,17.580519,78.469527,MOTHERHUB_LKO,MOTHERHUB_MED,0,112
Shipment,MOTHERHUB_LKO-MOTHERHUB_MUM,26.755912,80.910939,19.1170238,72.8580558,MOTHERHUB_LKO,MOTHERHUB_MUM,0,58
Shipment,MOTHERHUB_LKO-MOTHERHUB_PAT,26.755912,80.910939,25.587197,85.185842,MOTHERHUB_LKO,MOTHERHUB_PAT,0,79
Shipment,MOTHERHUB_LKO-MOTHERHUB_PTI,26.755912,80.910939,28.294166,76.855804,MOTHERHUB_LKO,MOTHERHUB_PTI,0,1122
Shipment,MOTHERHUB_LKO-MOTHERHUB_PUNE,26.755912,80.910939,18.6087917,73.7268817,MOTHERHUB_LKO,MOTHERHUB_PUNE,0,64
Shipment,MOTHERHUB_LKO-MOTHERHUB_RAI,26.755912,80.910939,22.056106,82.171855,MOTHERHUB_LKO,MOTHERHUB_RAI,0,11
Shipment,MOTHERHUB_LKO-MOTHERHUB_STV,26.755912,80.910939,21.0895987,72.900005,MOTHERHUB_LKO,MOTHERHUB_STV,0,113
Shipment,MOTHERHUB_MED-COCHINTCHUB_KAM,17.580519,78.469527,10.0435449,76.3367287,MOTHERHUB_MED,COCHINTCHUB_KAM,0,1295
Shipment,MOTHERHUB_MED-MOTHERHUB_ABL,17.580519,78.469527,30.396612,76.8116,MOTHERHUB_MED,MOTHERHUB_ABL,0,684
Shipment,MOTHERHUB_MED-MOTHERHUB_AMD,17.580519,78.469527,22.8978044,72.5902141,MOTHERHUB_MED,MOTHERHUB_AMD,0,746
Shipment,MOTHERHUB_MED-MOTHERHUB_BAM,17.580519,78.469527,28.545321,77.02914,MOTHERHUB_MED,MOTHERHUB_BAM,0,2888
Shipment,MOTHERHUB_MED-MOTHERHUB_BBI,17.580519,78.469527,20.295471,85.84707,MOTHERHUB_MED,MOTHERHUB_BBI,0,749
Shipment,MOTHERHUB_MED-MOTHERHUB_BIL,17.580519,78.469527,19.2374987,73.0362352,MOTHERHUB_MED,MOTHERHUB_BIL,0,1173
Shipment,MOTHERHUB_MED-MOTHERHUB_BLR,17.580519,78.469527,12.9842798,77.8242648,MOTHERHUB_MED,MOTHERHUB_BLR,0,6378
Shipment,MOTHERHUB_MED-MOTHERHUB_CHN,17.580519,78.469527,13.04591,80.067723,MOTHERHUB_MED,MOTHERHUB_CHN,0,1577
Shipment,MOTHERHUB_MED-MOTHERHUB_CJB,17.580519,78.469527,11.0633423,77.0910944,MOTHERHUB_MED,MOTHERHUB_CJB,0,566
Shipment,MOTHERHUB_MED-MOTHERHUB_GAU,17.580519,78.469527,26.043197,91.705232,MOTHERHUB_MED,MOTHERHUB_GAU,0,721
Shipment,MOTHERHUB_MED-MOTHERHUB_GOA,17.580519,78.469527,15.3682554,73.946764,MOTHERHUB_MED,MOTHERHUB_GOA,0,333
Shipment,MOTHERHUB_MED-MOTHERHUB_IDR,17.580519,78.469527,22.777113,75.9021171,MOTHERHUB_MED,MOTHERHUB_IDR,0,451
Shipment,MOTHERHUB_MED-MOTHERHUB_IXR,17.580519,78.469527,23.352715,85.343538,MOTHERHUB_MED,MOTHERHUB_IXR,0,440
Shipment,MOTHERHUB_MED-MOTHERHUB_JAI,17.580519,78.469527,26.948928,75.761927,MOTHERHUB_MED,MOTHERHUB_JAI,0,781
Shipment,MOTHERHUB_MED-MOTHERHUB_KOL,17.580519,78.469527,22.708183,88.28565,MOTHERHUB_MED,MOTHERHUB_KOL,0,2287
Shipment,MOTHERHUB_MED-MOTHERHUB_LKO,17.580519,78.469527,26.755912,80.910939,MOTHERHUB_MED,MOTHERHUB_LKO,0,295
Shipment,MOTHERHUB_MED-MOTHERHUB_MED,17.580519,78.469527,17.580519,78.469527,MOTHERHUB_MED,MOTHERHUB_MED,0,5064
Shipment,MOTHERHUB_MED-MOTHERHUB_MUM,17.580519,78.469527,19.1170238,72.8580558,MOTHERHUB_MED,MOTHERHUB_MUM,0,1337
Shipment,MOTHERHUB_MED-MOTHERHUB_PAT,17.580519,78.469527,25.587197,85.185842,MOTHERHUB_MED,MOTHERHUB_PAT,0,591
Shipment,MOTHERHUB_MED-MOTHERHUB_PTI,17.580519,78.469527,28.294166,76.855804,MOTHERHUB_MED,MOTHERHUB_PTI,0,2101
Shipment,MOTHERHUB_MED-MOTHERHUB_PUNE,17.580519,78.469527,18.6087917,73.7268817,MOTHERHUB_MED,MOTHERHUB_PUNE,0,1802
Shipment,MOTHERHUB_MED-MOTHERHUB_RAI,17.580519,78.469527,22.056106,82.171855,MOTHERHUB_MED,MOTHERHUB_RAI,0,393
Shipment,MOTHERHUB_MED-MOTHERHUB_STV,17.580519,78.469527,21.0895987,72.900005,MOTHERHUB_MED,MOTHERHUB_STV,0,239
Shipment,MOTHERHUB_MUM-COCHINTCHUB_KAM,19.1170238,72.8580558,10.0435449,76.3367287,MOTHERHUB_MUM,COCHINTCHUB_KAM,0,14
Shipment,MOTHERHUB_MUM-MOTHERHUB_ABL,19.1170238,72.8580558,30.396612,76.8116,MOTHERHUB_MUM,MOTHERHUB_ABL,0,31
Shipment,MOTHERHUB_MUM-MOTHERHUB_AMD,19.1170238,72.8580558,22.8978044,72.5902141,MOTHERHUB_MUM,MOTHERHUB_AMD,0,46
Shipment,MOTHERHUB_MUM-MOTHERHUB_BAM,19.1170238,72.8580558,28.545321,77.02914,MOTHERHUB_MUM,MOTHERHUB_BAM,0,22
Shipment,MOTHERHUB_MUM-MOTHERHUB_BBI,19.1170238,72.8580558,20.295471,85.84707,MOTHERHUB_MUM,MOTHERHUB_BBI,0,12
Shipment,MOTHERHUB_MUM-MOTHERHUB_BIL,19.1170238,72.8580558,19.2374987,73.0362352,MOTHERHUB_MUM,MOTHERHUB_BIL,0,378
Shipment,MOTHERHUB_MUM-MOTHERHUB_BLR,19.1170238,72.8580558,12.9842798,77.8242648,MOTHERHUB_MUM,MOTHERHUB_BLR,0,298
Shipment,MOTHERHUB_MUM-MOTHERHUB_CHN,19.1170238,72.8580558,13.04591,80.067723,MOTHERHUB_MUM,MOTHERHUB_CHN,0,25
Shipment,MOTHERHUB_MUM-MOTHERHUB_CJB,19.1170238,72.8580558,11.0633423,77.0910944,MOTHERHUB_MUM,MOTHERHUB_CJB,0,13
Shipment,MOTHERHUB_MUM-MOTHERHUB_GAU,19.1170238,72.8580558,26.043197,91.705232,MOTHERHUB_MUM,MOTHERHUB_GAU,0,16
Shipment,MOTHERHUB_MUM-MOTHERHUB_GOA,19.1170238,72.8580558,15.3682554,73.946764,MOTHERHUB_MUM,MOTHERHUB_GOA,0,9
Shipment,MOTHERHUB_MUM-MOTHERHUB_IDR,19.1170238,72.8580558,22.777113,75.9021171,MOTHERHUB_MUM,MOTHERHUB_IDR,0,13
Shipment,MOTHERHUB_MUM-MOTHERHUB_IXR,19.1170238,72.8580558,23.352715,85.343538,MOTHERHUB_MUM,MOTHERHUB_IXR,0,7
Shipment,MOTHERHUB_MUM-MOTHERHUB_JAI,19.1170238,72.8580558,26.948928,75.761927,MOTHERHUB_MUM,MOTHERHUB_JAI,0,56
Shipment,MOTHERHUB_MUM-MOTHERHUB_KOL,19.1170238,72.8580558,22.708183,88.28565,MOTHERHUB_MUM,MOTHERHUB_KOL,0,47
Shipment,MOTHERHUB_MUM-MOTHERHUB_LKO,19.1170238,72.8580558,26.755912,80.910939,MOTHERHUB_MUM,MOTHERHUB_LKO,0,15
Shipment,MOTHERHUB_MUM-MOTHERHUB_MED,19.1170238,72.8580558,17.580519,78.469527,MOTHERHUB_MUM,MOTHERHUB_MED,0,104
Shipment,MOTHERHUB_MUM-MOTHERHUB_MUM,19.1170238,72.8580558,19.1170238,72.8580558,MOTHERHUB_MUM,MOTHERHUB_MUM,0,586
Shipment,MOTHERHUB_MUM-MOTHERHUB_PAT,19.1170238,72.8580558,25.587197,85.185842,MOTHERHUB_MUM,MOTHERHUB_PAT,0,17
Shipment,MOTHERHUB_MUM-MOTHERHUB_PTI,19.1170238,72.8580558,28.294166,76.855804,MOTHERHUB_MUM,MOTHERHUB_PTI,0,490
Shipment,MOTHERHUB_MUM-MOTHERHUB_PUNE,19.1170238,72.8580558,18.6087917,73.7268817,MOTHERHUB_MUM,MOTHERHUB_PUNE,0,43
Shipment,MOTHERHUB_MUM-MOTHERHUB_RAI,19.1170238,72.8580558,22.056106,82.171855,MOTHERHUB_MUM,MOTHERHUB_RAI,0,6
Shipment,MOTHERHUB_MUM-MOTHERHUB_STV,19.1170238,72.8580558,21.0895987,72.900005,MOTHERHUB_MUM,MOTHERHUB_STV,0,59
Shipment,MOTHERHUB_PAT-COCHINTCHUB_KAM,25.587197,85.185842,10.0435449,76.3367287,MOTHERHUB_PAT,COCHINTCHUB_KAM,0,14
Shipment,MOTHERHUB_PAT-MOTHERHUB_ABL,25.587197,85.185842,30.396612,76.8116,MOTHERHUB_PAT,MOTHERHUB_ABL,0,27
Shipment,MOTHERHUB_PAT-MOTHERHUB_AMD,25.587197,85.185842,22.8978044,72.5902141,MOTHERHUB_PAT,MOTHERHUB_AMD,0,38
Shipment,MOTHERHUB_PAT-MOTHERHUB_BAM,25.587197,85.185842,28.545321,77.02914,MOTHERHUB_PAT,MOTHERHUB_BAM,0,22
Shipment,MOTHERHUB_PAT-MOTHERHUB_BBI,25.587197,85.185842,20.295471,85.84707,MOTHERHUB_PAT,MOTHERHUB_BBI,0,14
Shipment,MOTHERHUB_PAT-MOTHERHUB_BIL,25.587197,85.185842,19.2374987,73.0362352,MOTHERHUB_PAT,MOTHERHUB_BIL,0,76
Shipment,MOTHERHUB_PAT-MOTHERHUB_BLR,25.587197,85.185842,12.9842798,77.8242648,MOTHERHUB_PAT,MOTHERHUB_BLR,0,160
Shipment,MOTHERHUB_PAT-MOTHERHUB_CHN,25.587197,85.185842,13.04591,80.067723,MOTHERHUB_PAT,MOTHERHUB_CHN,0,21
Shipment,MOTHERHUB_PAT-MOTHERHUB_CJB,25.587197,85.185842,11.0633423,77.0910944,MOTHERHUB_PAT,MOTHERHUB_CJB,0,14
Shipment,MOTHERHUB_PAT-MOTHERHUB_GAU,25.587197,85.185842,26.043197,91.705232,MOTHERHUB_PAT,MOTHERHUB_GAU,0,21
Shipment,MOTHERHUB_PAT-MOTHERHUB_GOA,25.587197,85.185842,15.3682554,73.946764,MOTHERHUB_PAT,MOTHERHUB_GOA,0,9
Shipment,MOTHERHUB_PAT-MOTHERHUB_IDR,25.587197,85.185842,22.777113,75.9021171,MOTHERHUB_PAT,MOTHERHUB_IDR,0,12
Shipment,MOTHERHUB_PAT-MOTHERHUB_IXR,25.587197,85.185842,23.352715,85.343538,MOTHERHUB_PAT,MOTHERHUB_IXR,0,9
Shipment,MOTHERHUB_PAT-MOTHERHUB_JAI,25.587197,85.185842,26.948928,75.761927,MOTHERHUB_PAT,MOTHERHUB_JAI,0,60
Shipment,MOTHERHUB_PAT-MOTHERHUB_KOL,25.587197,85.185842,22.708183,88.28565,MOTHERHUB_PAT,MOTHERHUB_KOL,0,105
Shipment,MOTHERHUB_PAT-MOTHERHUB_LKO,25.587197,85.185842,26.755912,80.910939,MOTHERHUB_PAT,MOTHERHUB_LKO,0,16
Shipment,MOTHERHUB_PAT-MOTHERHUB_MED,25.587197,85.185842,17.580519,78.469527,MOTHERHUB_PAT,MOTHERHUB_MED,0,79
Shipment,MOTHERHUB_PAT-MOTHERHUB_MUM,25.587197,85.185842,19.1170238,72.8580558,MOTHERHUB_PAT,MOTHERHUB_MUM,0,40
Shipment,MOTHERHUB_PAT-MOTHERHUB_PAT,25.587197,85.185842,25.587197,85.185842,MOTHERHUB_PAT,MOTHERHUB_PAT,0,30
Shipment,MOTHERHUB_PAT-MOTHERHUB_PTI,25.587197,85.185842,28.294166,76.855804,MOTHERHUB_PAT,MOTHERHUB_PTI,0,510
Shipment,MOTHERHUB_PAT-MOTHERHUB_PUNE,25.587197,85.185842,18.6087917,73.7268817,MOTHERHUB_PAT,MOTHERHUB_PUNE,0,40
Shipment,MOTHERHUB_PAT-MOTHERHUB_RAI,25.587197,85.185842,22.056106,82.171855,MOTHERHUB_PAT,MOTHERHUB_RAI,0,7
Shipment,MOTHERHUB_PAT-MOTHERHUB_STV,25.587197,85.185842,21.0895987,72.900005,MOTHERHUB_PAT,MOTHERHUB_STV,0,94
Shipment,MOTHERHUB_PTI-COCHINTCHUB_KAM,28.294166,76.855804,10.0435449,76.3367287,MOTHERHUB_PTI,COCHINTCHUB_KAM,0,3943
Shipment,MOTHERHUB_PTI-MOTHERHUB_ABL,28.294166,76.855804,30.396612,76.8116,MOTHERHUB_PTI,MOTHERHUB_ABL,0,4982
Shipment,MOTHERHUB_PTI-MOTHERHUB_AMD,28.294166,76.855804,22.8978044,72.5902141,MOTHERHUB_PTI,MOTHERHUB_AMD,0,3858
Shipment,MOTHERHUB_PTI-MOTHERHUB_BAM,28.294166,76.855804,28.545321,77.02914,MOTHERHUB_PTI,MOTHERHUB_BAM,0,547
Shipment,MOTHERHUB_PTI-MOTHERHUB_BBI,28.294166,76.855804,20.295471,85.84707,MOTHERHUB_PTI,MOTHERHUB_BBI,0,2592
Shipment,MOTHERHUB_PTI-MOTHERHUB_BIL,28.294166,76.855804,19.2374987,73.0362352,MOTHERHUB_PTI,MOTHERHUB_BIL,0,3371
Shipment,MOTHERHUB_PTI-MOTHERHUB_BLR,28.294166,76.855804,12.9842798,77.8242648,MOTHERHUB_PTI,MOTHERHUB_BLR,0,17305
Shipment,MOTHERHUB_PTI-MOTHERHUB_CHN,28.294166,76.855804,13.04591,80.067723,MOTHERHUB_PTI,MOTHERHUB_CHN,0,3876
Shipment,MOTHERHUB_PTI-MOTHERHUB_CJB,28.294166,76.855804,11.0633423,77.0910944,MOTHERHUB_PTI,MOTHERHUB_CJB,0,1550
Shipment,MOTHERHUB_PTI-MOTHERHUB_GAU,28.294166,76.855804,26.043197,91.705232,MOTHERHUB_PTI,MOTHERHUB_GAU,0,4100
Shipment,MOTHERHUB_PTI-MOTHERHUB_GOA,28.294166,76.855804,15.3682554,73.946764,MOTHERHUB_PTI,MOTHERHUB_GOA,0,1545
Shipment,MOTHERHUB_PTI-MOTHERHUB_IDR,28.294166,76.855804,22.777113,75.9021171,MOTHERHUB_PTI,MOTHERHUB_IDR,0,3641
Shipment,MOTHERHUB_PTI-MOTHERHUB_IXR,28.294166,76.855804,23.352715,85.343538,MOTHERHUB_PTI,MOTHERHUB_IXR,0,1767
Shipment,MOTHERHUB_PTI-MOTHERHUB_JAI,28.294166,76.855804,26.948928,75.761927,MOTHERHUB_PTI,MOTHERHUB_JAI,0,5079
Shipment,MOTHERHUB_PTI-MOTHERHUB_KOL,28.294166,76.855804,22.708183,88.28565,MOTHERHUB_PTI,MOTHERHUB_KOL,0,9532
Shipment,MOTHERHUB_PTI-MOTHERHUB_LKO,28.294166,76.855804,26.755912,80.910939,MOTHERHUB_PTI,MOTHERHUB_LKO,0,6036
Shipment,MOTHERHUB_PTI-MOTHERHUB_MED,28.294166,76.855804,17.580519,78.469527,MOTHERHUB_PTI,MOTHERHUB_MED,0,8460
Shipment,MOTHERHUB_PTI-MOTHERHUB_MUM,28.294166,76.855804,19.1170238,72.8580558,MOTHERHUB_PTI,MOTHERHUB_MUM,0,2992
Shipment,MOTHERHUB_PTI-MOTHERHUB_PAT,28.294166,76.855804,25.587197,85.185842,MOTHERHUB_PTI,MOTHERHUB_PAT,0,4241
Shipment,MOTHERHUB_PTI-MOTHERHUB_PTI,28.294166,76.855804,28.294166,76.855804,MOTHERHUB_PTI,MOTHERHUB_PTI,0,9921
Shipment,MOTHERHUB_PTI-MOTHERHUB_PUNE,28.294166,76.855804,18.6087917,73.7268817,MOTHERHUB_PTI,MOTHERHUB_PUNE,0,5402
Shipment,MOTHERHUB_PTI-MOTHERHUB_RAI,28.294166,76.855804,22.056106,82.171855,MOTHERHUB_PTI,MOTHERHUB_RAI,0,1209
Shipment,MOTHERHUB_PTI-MOTHERHUB_STV,28.294166,76.855804,21.0895987,72.900005,MOTHERHUB_PTI,MOTHERHUB_STV,0,891
Shipment,MOTHERHUB_PUNE-COCHINTCHUB_KAM,18.6087917,73.7268817,10.0435449,76.3367287,MOTHERHUB_PUNE,COCHINTCHUB_KAM,0,53
Shipment,MOTHERHUB_PUNE-MOTHERHUB_ABL,18.6087917,73.7268817,30.396612,76.8116,MOTHERHUB_PUNE,MOTHERHUB_ABL,0,61
Shipment,MOTHERHUB_PUNE-MOTHERHUB_AMD,18.6087917,73.7268817,22.8978044,72.5902141,MOTHERHUB_PUNE,MOTHERHUB_AMD,0,116
Shipment,MOTHERHUB_PUNE-MOTHERHUB_BAM,18.6087917,73.7268817,28.545321,77.02914,MOTHERHUB_PUNE,MOTHERHUB_BAM,0,120
Shipment,MOTHERHUB_PUNE-MOTHERHUB_BBI,18.6087917,73.7268817,20.295471,85.84707,MOTHERHUB_PUNE,MOTHERHUB_BBI,0,42
Shipment,MOTHERHUB_PUNE-MOTHERHUB_BIL,18.6087917,73.7268817,19.2374987,73.0362352,MOTHERHUB_PUNE,MOTHERHUB_BIL,0,358
Shipment,MOTHERHUB_PUNE-MOTHERHUB_BLR,18.6087917,73.7268817,12.9842798,77.8242648,MOTHERHUB_PUNE,MOTHERHUB_BLR,0,576
Shipment,MOTHERHUB_PUNE-MOTHERHUB_CHN,18.6087917,73.7268817,13.04591,80.067723,MOTHERHUB_PUNE,MOTHERHUB_CHN,0,84
Shipment,MOTHERHUB_PUNE-MOTHERHUB_CJB,18.6087917,73.7268817,11.0633423,77.0910944,MOTHERHUB_PUNE,MOTHERHUB_CJB,0,35
Shipment,MOTHERHUB_PUNE-MOTHERHUB_GAU,18.6087917,73.7268817,26.043197,91.705232,MOTHERHUB_PUNE,MOTHERHUB_GAU,0,66
Shipment,MOTHERHUB_PUNE-MOTHERHUB_GOA,18.6087917,73.7268817,15.3682554,73.946764,MOTHERHUB_PUNE,MOTHERHUB_GOA,0,34
Shipment,MOTHERHUB_PUNE-MOTHERHUB_IDR,18.6087917,73.7268817,22.777113,75.9021171,MOTHERHUB_PUNE,MOTHERHUB_IDR,0,30
Shipment,MOTHERHUB_PUNE-MOTHERHUB_IXR,18.6087917,73.7268817,23.352715,85.343538,MOTHERHUB_PUNE,MOTHERHUB_IXR,0,25
Shipment,MOTHERHUB_PUNE-MOTHERHUB_JAI,18.6087917,73.7268817,26.948928,75.761927,MOTHERHUB_PUNE,MOTHERHUB_JAI,0,98
Shipment,MOTHERHUB_PUNE-MOTHERHUB_KOL,18.6087917,73.7268817,22.708183,88.28565,MOTHERHUB_PUNE,MOTHERHUB_KOL,0,185
Shipment,MOTHERHUB_PUNE-MOTHERHUB_LKO,18.6087917,73.7268817,26.755912,80.910939,MOTHERHUB_PUNE,MOTHERHUB_LKO,0,58
Shipment,MOTHERHUB_PUNE-MOTHERHUB_MED,18.6087917,73.7268817,17.580519,78.469527,MOTHERHUB_PUNE,MOTHERHUB_MED,0,218
Shipment,MOTHERHUB_PUNE-MOTHERHUB_MUM,18.6087917,73.7268817,19.1170238,72.8580558,MOTHERHUB_PUNE,MOTHERHUB_MUM,0,147
Shipment,MOTHERHUB_PUNE-MOTHERHUB_PAT,18.6087917,73.7268817,25.587197,85.185842,MOTHERHUB_PUNE,MOTHERHUB_PAT,0,50
Shipment,MOTHERHUB_PUNE-MOTHERHUB_PTI,18.6087917,73.7268817,28.294166,76.855804,MOTHERHUB_PUNE,MOTHERHUB_PTI,0,766
Shipment,MOTHERHUB_PUNE-MOTHERHUB_PUNE,18.6087917,73.7268817,18.6087917,73.7268817,MOTHERHUB_PUNE,MOTHERHUB_PUNE,0,189
Shipment,MOTHERHUB_PUNE-MOTHERHUB_RAI,18.6087917,73.7268817,22.056106,82.171855,MOTHERHUB_PUNE,MOTHERHUB_RAI,0,17
Shipment,MOTHERHUB_PUNE-MOTHERHUB_STV,18.6087917,73.7268817,21.0895987,72.900005,MOTHERHUB_PUNE,MOTHERHUB_STV,0,122
Shipment,MOTHERHUB_RAI-COCHINTCHUB_KAM,22.056106,82.171855,10.0435449,76.3367287,MOTHERHUB_RAI,COCHINTCHUB_KAM,0,14
Shipment,MOTHERHUB_RAI-MOTHERHUB_ABL,22.056106,82.171855,30.396612,76.8116,MOTHERHUB_RAI,MOTHERHUB_ABL,0,20
Shipment,MOTHERHUB_RAI-MOTHERHUB_AMD,22.056106,82.171855,22.8978044,72.5902141,MOTHERHUB_RAI,MOTHERHUB_AMD,0,31
Shipment,MOTHERHUB_RAI-MOTHERHUB_BAM,22.056106,82.171855,28.545321,77.02914,MOTHERHUB_RAI,MOTHERHUB_BAM,0,22
Shipment,MOTHERHUB_RAI-MOTHERHUB_BBI,22.056106,82.171855,20.295471,85.84707,MOTHERHUB_RAI,MOTHERHUB_BBI,0,13
Shipment,MOTHERHUB_RAI-MOTHERHUB_BIL,22.056106,82.171855,19.2374987,73.0362352,MOTHERHUB_RAI,MOTHERHUB_BIL,0,99
Shipment,MOTHERHUB_RAI-MOTHERHUB_BLR,22.056106,82.171855,12.9842798,77.8242648,MOTHERHUB_RAI,MOTHERHUB_BLR,0,129
Shipment,MOTHERHUB_RAI-MOTHERHUB_CHN,22.056106,82.171855,13.04591,80.067723,MOTHERHUB_RAI,MOTHERHUB_CHN,0,16
Shipment,MOTHERHUB_RAI-MOTHERHUB_CJB,22.056106,82.171855,11.0633423,77.0910944,MOTHERHUB_RAI,MOTHERHUB_CJB,0,9
Shipment,MOTHERHUB_RAI-MOTHERHUB_GAU,22.056106,82.171855,26.043197,91.705232,MOTHERHUB_RAI,MOTHERHUB_GAU,0,20
Shipment,MOTHERHUB_RAI-MOTHERHUB_GOA,22.056106,82.171855,15.3682554,73.946764,MOTHERHUB_RAI,MOTHERHUB_GOA,0,9
Shipment,MOTHERHUB_RAI-MOTHERHUB_IDR,22.056106,82.171855,22.777113,75.9021171,MOTHERHUB_RAI,MOTHERHUB_IDR,0,12
Shipment,MOTHERHUB_RAI-MOTHERHUB_IXR,22.056106,82.171855,23.352715,85.343538,MOTHERHUB_RAI,MOTHERHUB_IXR,0,7
Shipment,MOTHERHUB_RAI-MOTHERHUB_JAI,22.056106,82.171855,26.948928,75.761927,MOTHERHUB_RAI,MOTHERHUB_JAI,0,31
Shipment,MOTHERHUB_RAI-MOTHERHUB_KOL,22.056106,82.171855,22.708183,88.28565,MOTHERHUB_RAI,MOTHERHUB_KOL,0,53
Shipment,MOTHERHUB_RAI-MOTHERHUB_LKO,22.056106,82.171855,26.755912,80.910939,MOTHERHUB_RAI,MOTHERHUB_LKO,0,13
Shipment,MOTHERHUB_RAI-MOTHERHUB_MED,22.056106,82.171855,17.580519,78.469527,MOTHERHUB_RAI,MOTHERHUB_MED,0,58
Shipment,MOTHERHUB_RAI-MOTHERHUB_MUM,22.056106,82.171855,19.1170238,72.8580558,MOTHERHUB_RAI,MOTHERHUB_MUM,0,25
Shipment,MOTHERHUB_RAI-MOTHERHUB_PAT,22.056106,82.171855,25.587197,85.185842,MOTHERHUB_RAI,MOTHERHUB_PAT,0,17
Shipment,MOTHERHUB_RAI-MOTHERHUB_PTI,22.056106,82.171855,28.294166,76.855804,MOTHERHUB_RAI,MOTHERHUB_PTI,0,219
Shipment,MOTHERHUB_RAI-MOTHERHUB_PUNE,22.056106,82.171855,18.6087917,73.7268817,MOTHERHUB_RAI,MOTHERHUB_PUNE,0,37
Shipment,MOTHERHUB_RAI-MOTHERHUB_RAI,22.056106,82.171855,22.056106,82.171855,MOTHERHUB_RAI,MOTHERHUB_RAI,0,7
Shipment,MOTHERHUB_RAI-MOTHERHUB_STV,22.056106,82.171855,21.0895987,72.900005,MOTHERHUB_RAI,MOTHERHUB_STV,0,23
Shipment,MOTHERHUB_STV-COCHINTCHUB_KAM,21.0895987,72.900005,10.0435449,76.3367287,MOTHERHUB_STV,COCHINTCHUB_KAM,0,416
Shipment,MOTHERHUB_STV-MOTHERHUB_ABL,21.0895987,72.900005,30.396612,76.8116,MOTHERHUB_STV,MOTHERHUB_ABL,0,279
Shipment,MOTHERHUB_STV-MOTHERHUB_AMD,21.0895987,72.900005,22.8978044,72.5902141,MOTHERHUB_STV,MOTHERHUB_AMD,0,455
Shipment,MOTHERHUB_STV-MOTHERHUB_BAM,21.0895987,72.900005,28.545321,77.02914,MOTHERHUB_STV,MOTHERHUB_BAM,0,906
Shipment,MOTHERHUB_STV-MOTHERHUB_BBI,21.0895987,72.900005,20.295471,85.84707,MOTHERHUB_STV,MOTHERHUB_BBI,0,446
Shipment,MOTHERHUB_STV-MOTHERHUB_BIL,21.0895987,72.900005,19.2374987,73.0362352,MOTHERHUB_STV,MOTHERHUB_BIL,0,563
Shipment,MOTHERHUB_STV-MOTHERHUB_BLR,21.0895987,72.900005,12.9842798,77.8242648,MOTHERHUB_STV,MOTHERHUB_BLR,0,2162
Shipment,MOTHERHUB_STV-MOTHERHUB_CHN,21.0895987,72.900005,13.04591,80.067723,MOTHERHUB_STV,MOTHERHUB_CHN,0,442
Shipment,MOTHERHUB_STV-MOTHERHUB_CJB,21.0895987,72.900005,11.0633423,77.0910944,MOTHERHUB_STV,MOTHERHUB_CJB,0,168
Shipment,MOTHERHUB_STV-MOTHERHUB_GAU,21.0895987,72.900005,26.043197,91.705232,MOTHERHUB_STV,MOTHERHUB_GAU,0,570
Shipment,MOTHERHUB_STV-MOTHERHUB_GOA,21.0895987,72.900005,15.3682554,73.946764,MOTHERHUB_STV,MOTHERHUB_GOA,0,159
Shipment,MOTHERHUB_STV-MOTHERHUB_IDR,21.0895987,72.900005,22.777113,75.9021171,MOTHERHUB_STV,MOTHERHUB_IDR,0,286
Shipment,MOTHERHUB_STV-MOTHERHUB_IXR,21.0895987,72.900005,23.352715,85.343538,MOTHERHUB_STV,MOTHERHUB_IXR,0,290
Shipment,MOTHERHUB_STV-MOTHERHUB_JAI,21.0895987,72.900005,26.948928,75.761927,MOTHERHUB_STV,MOTHERHUB_JAI,0,335
Shipment,MOTHERHUB_STV-MOTHERHUB_KOL,21.0895987,72.900005,22.708183,88.28565,MOTHERHUB_STV,MOTHERHUB_KOL,0,1142
Shipment,MOTHERHUB_STV-MOTHERHUB_LKO,21.0895987,72.900005,26.755912,80.910939,MOTHERHUB_STV,MOTHERHUB_LKO,0,704
Shipment,MOTHERHUB_STV-MOTHERHUB_MED,21.0895987,72.900005,17.580519,78.469527,MOTHERHUB_STV,MOTHERHUB_MED,0,796
Shipment,MOTHERHUB_STV-MOTHERHUB_MUM,21.0895987,72.900005,19.1170238,72.8580558,MOTHERHUB_STV,MOTHERHUB_MUM,0,354
Shipment,MOTHERHUB_STV-MOTHERHUB_PAT,21.0895987,72.900005,25.587197,85.185842,MOTHERHUB_STV,MOTHERHUB_PAT,0,621
Shipment,MOTHERHUB_STV-MOTHERHUB_PTI,21.0895987,72.900005,28.294166,76.855804,MOTHERHUB_STV,MOTHERHUB_PTI,0,821
Shipment,MOTHERHUB_STV-MOTHERHUB_PUNE,21.0895987,72.900005,18.6087917,73.7268817,MOTHERHUB_STV,MOTHERHUB_PUNE,0,809
Shipment,MOTHERHUB_STV-MOTHERHUB_RAI,21.0895987,72.900005,22.056106,82.171855,MOTHERHUB_STV,MOTHERHUB_RAI,0,173
Shipment,MOTHERHUB_STV-MOTHERHUB_STV,21.0895987,72.900005,21.0895987,72.900005,MOTHERHUB_STV,MOTHERHUB_STV,0,118
