Type,key_new,dest_mh_lat,dest_mh_long,DH_lat,DH_long,dest_mh,DH,ready_time,Load
Shipment,COCHINTCHUB_KAM-ALLEPPEYHUB_ALP,10.0435449,76.3367287,9.4837391,76.3284354,COCHINTCHUB_KAM,ALLEPPEYHUB_ALP,72000,683
Shipment,COCHINTCHUB_KAM-ALUVAHUB_ALU,10.0435449,76.3367287,10.111613,76.373885,COCHINTCHUB_KAM,ALUVAHUB_ALU,72000,1100
Shipment,COCHINTCHUB_KAM-ERNAKULAMHUB_COK,10.0435449,76.3367287,9.999502,76.348626,COCHINTCHUB_KAM,ERNAKULAMHUB_COK,72000,709
Shipment,COCHINTCHUB_KAM-IRINJALAKUDAHUB_IJK,10.0435449,76.3367287,10.344324,76.249005,COCHINTCHUB_KAM,IRINJALAKUDAHUB_IJK,72000,470
Shipment,COCHINTCHUB_KAM-KOCHIHUB_COK,10.0435449,76.3367287,9.984803,76.29502,COCHINTCHUB_KAM,KOCHIHUB_COK,72000,1133
Shipment,COCHINTCHUB_KAM-KOTTAYAMHUB_KTY,10.0435449,76.3367287,9.587114,76.5235,COCHINTCHUB_KAM,KOTTAYAMHUB_KTY,72000,742
Shipment,COCHINTCHUB_KAM-PALAHUB_PLA,10.0435449,76.3367287,9.702529,76.664169,COCHINTCHUB_KAM,PALAHUB_PLA,72000,588
Shipment,COCHINTCHUB_KAM-THODUPUZHAHUB_THP,10.0435449,76.3367287,9.89941,76.71859,COCHINTCHUB_KAM,THODUPUZHAHUB_THP,72000,734
Shipment,COCHINTCHUB_KAM-TRIPUNITHURAHUB_TRT,10.0435449,76.3367287,9.9347282,76.337804,COCHINTCHUB_KAM,TRIPUNITHURAHUB_TRT,72000,495
Shipment,COCHINTCHUB_KAM-TRISSURHUB_TCR,10.0435449,76.3367287,10.344324,76.249005,COCHINTCHUB_KAM,TRISSURHUB_TCR,72000,940
Shipment,MOTHERHUB_ABL-AMBALAHUB_UMB,30.396612,76.8116,30.334201,76.877595,MOTHERHUB_ABL,AMBALAHUB_UMB,72000,535
Shipment,MOTHERHUB_ABL-AMBALAMPHUB_UMB,30.396612,76.8116,30.334201,76.877595,MOTHERHUB_ABL,AMBALAMPHUB_UMB,72000,23
Shipment,MOTHERHUB_AMD-AJWAHUB_BDQ,22.8978044,72.5902141,22.3116149,73.238837,MOTHERHUB_AMD,AJWAHUB_BDQ,72000,51
Shipment,MOTHERHUB_AMD-AKOTAHUB_BDQ,22.8978044,72.5902141,22.3058105,73.1799038,MOTHERHUB_AMD,AKOTAHUB_BDQ,72000,1130
Shipment,MOTHERHUB_AMD-ANANDHUB_AMD,22.8978044,72.5902141,22.556447,72.963939,MOTHERHUB_AMD,ANANDHUB_AMD,72000,357
Shipment,MOTHERHUB_AMD-BAPUNAGARHUB_AMD,22.8978044,72.5902141,23.0387,72.6308,MOTHERHUB_AMD,BAPUNAGARHUB_AMD,72000,386
Shipment,MOTHERHUB_AMD-CGROADHUB_ADI,22.8978044,72.5902141,23.0386028,72.5633219,MOTHERHUB_AMD,CGROADHUB_ADI,72000,465
Shipment,MOTHERHUB_AMD-GANDHINAGARHUB_GAN,22.8978044,72.5902141,23.2019832,72.6147011,MOTHERHUB_AMD,GANDHINAGARHUB_GAN,72000,562
Shipment,MOTHERHUB_AMD-MANINAGARHUB_ADI,22.8978044,72.5902141,22.9893473,72.6426503,MOTHERHUB_AMD,MANINAGARHUB_ADI,72000,777
Shipment,MOTHERHUB_AMD-MANINAGARMPHUB_AMD,22.8978044,72.5902141,22.9893473,72.64265,MOTHERHUB_AMD,MANINAGARMPHUB_AMD,72000,230
Shipment,MOTHERHUB_AMD-NADIADHUB_AMD,22.8978044,72.5902141,23.471,88.5565,MOTHERHUB_AMD,NADIADHUB_AMD,72000,113
Shipment,MOTHERHUB_AMD-RANIPHUB_AMD,22.8978044,72.5902141,23.0803,72.5719,MOTHERHUB_AMD,RANIPHUB_AMD,72000,547
Shipment,MOTHERHUB_AMD-VEJALPURHUB_ADI,22.8978044,72.5902141,23.0096118,72.5243393,MOTHERHUB_AMD,VEJALPURHUB_ADI,72000,449
Shipment,MOTHERHUB_BAM-ALIPURHUB_DEL,28.545321,77.02914,28.711593,77.175141,MOTHERHUB_BAM,ALIPURHUB_DEL,72000,583
Shipment,MOTHERHUB_BAM-ALIPURMPHUB_DEL,28.545321,77.02914,28.711593,77.175141,MOTHERHUB_BAM,ALIPURMPHUB_DEL,72000,421
Shipment,MOTHERHUB_BAM-ANANDVIHARHUB_DEL,28.545321,77.02914,28.644665,77.315615,MOTHERHUB_BAM,ANANDVIHARHUB_DEL,72000,1529
Shipment,MOTHERHUB_BAM-BADSHAHPURHUB_DEL,28.545321,77.02914,28.396851,77.046063,MOTHERHUB_BAM,BADSHAHPURHUB_DEL,72000,1214
Shipment,MOTHERHUB_BAM-BADSHAHPURMPHUB_DEL,28.545321,77.02914,28.396851,77.046063,MOTHERHUB_BAM,BADSHAHPURMPHUB_DEL,72000,30
Shipment,MOTHERHUB_BAM-BAHADURGARHHUB_BHD,28.545321,77.02914,28.70882,76.886508,MOTHERHUB_BAM,BAHADURGARHHUB_BHD,72000,164
Shipment,MOTHERHUB_BAM-BRITANIACHOWKMPHUB_DEL,28.545321,77.02914,28.678493,77.149203,MOTHERHUB_BAM,BRITANIACHOWKMPHUB_DEL,72000,1919
Shipment,MOTHERHUB_BAM-CHHATARPURHUB_DEL,28.545321,77.02914,28.45273,77.186017,MOTHERHUB_BAM,CHHATARPURHUB_DEL,72000,723
Shipment,MOTHERHUB_BAM-DARYAGANJMPHUB_DEL,28.545321,77.02914,28.6,77.2,MOTHERHUB_BAM,DARYAGANJMPHUB_DEL,72000,667
Shipment,MOTHERHUB_BAM-DHARUHERAHUB_DRH,28.545321,77.02914,28.209118,76.77549,MOTHERHUB_BAM,DHARUHERAHUB_DRH,72000,800
Shipment,MOTHERHUB_BAM-DILSHADGARDENHUB_DEL,28.545321,77.02914,28.673815,77.313828,MOTHERHUB_BAM,DILSHADGARDENHUB_DEL,72000,1971
Shipment,MOTHERHUB_BAM-DLFPHASE1HUB_DEL,28.545321,77.02914,28.472774,77.093271,MOTHERHUB_BAM,DLFPHASE1HUB_DEL,72000,761
Shipment,MOTHERHUB_BAM-DLFPHASE1MPHUB_DEL,28.545321,77.02914,28.472774,77.093271,MOTHERHUB_BAM,DLFPHASE1MPHUB_DEL,72000,129
Shipment,MOTHERHUB_BAM-DWARKAHUB_DEL,28.545321,77.02914,28.581638,77.015229,MOTHERHUB_BAM,DWARKAHUB_DEL,72000,2063
Shipment,MOTHERHUB_BAM-FARIDABADHUB_DEL,28.545321,77.02914,28.4527269,77.3140897,MOTHERHUB_BAM,FARIDABADHUB_DEL,72000,1608
Shipment,MOTHERHUB_BAM-FARIDABADMPHUB_DEL,28.545321,77.02914,28.4527269,77.3140897,MOTHERHUB_BAM,FARIDABADMPHUB_DEL,72000,186
Shipment,MOTHERHUB_BAM-GHAZIABADHUB_DEL,28.545321,77.02914,28.68712,77.43751,MOTHERHUB_BAM,GHAZIABADHUB_DEL,72000,1277
Shipment,MOTHERHUB_BAM-GHAZIABADMPHUB_DEL,28.545321,77.02914,28.68712,77.43751,MOTHERHUB_BAM,GHAZIABADMPHUB_DEL,72000,97
Shipment,MOTHERHUB_BAM-GREATERNOIDAHUB_DEL,28.545321,77.02914,28.460267,77.523498,MOTHERHUB_BAM,GREATERNOIDAHUB_DEL,72000,850
Shipment,MOTHERHUB_BAM-GURGAONHUB_DEL,28.545321,77.02914,28.494505,77.069283,MOTHERHUB_BAM,GURGAONHUB_DEL,72000,1128
Shipment,MOTHERHUB_BAM-GURGAONMANESARHUB_DEL,28.545321,77.02914,28.439369,77.011105,MOTHERHUB_BAM,GURGAONMANESARHUB_DEL,72000,962
Shipment,MOTHERHUB_BAM-GURGAONMANESARMPHUB_DEL,28.545321,77.02914,28.439369,77.011105,MOTHERHUB_BAM,GURGAONMANESARMPHUB_DEL,72000,169
Shipment,MOTHERHUB_BAM-GURGAONMPHUB_DEL,28.545321,77.02914,28.494505,77.069283,MOTHERHUB_BAM,GURGAONMPHUB_DEL,72000,76
Shipment,MOTHERHUB_BAM-JHILMILMPHUB_DEL,28.545321,77.02914,28.7,77.3,MOTHERHUB_BAM,JHILMILMPHUB_DEL,72000,810
Shipment,MOTHERHUB_BAM-JINDHUB_JND,28.545321,77.02914,28.878246,76.587201,MOTHERHUB_BAM,JINDHUB_JND,72000,255
Shipment,MOTHERHUB_BAM-KAROLBAGHHUB_DEL,28.545321,77.02914,28.661687,77.15516,MOTHERHUB_BAM,KAROLBAGHHUB_DEL,72000,1823
Shipment,MOTHERHUB_BAM-KILOKARIHUB_DEL,28.545321,77.02914,28.509882,77.2981478,MOTHERHUB_BAM,KILOKARIHUB_DEL,72000,1372
Shipment,MOTHERHUB_BAM-MAYURVIHARMPHUB_DEL,28.545321,77.02914,28.6,77.3,MOTHERHUB_BAM,MAYURVIHARMPHUB_DEL,72000,789
Shipment,MOTHERHUB_BAM-MEERUTHUB_MEE,28.545321,77.02914,28.5342317,77.2746536,MOTHERHUB_BAM,MEERUTHUB_MEE,72000,892
Shipment,MOTHERHUB_BAM-MEERUTMPHUB_MEE,28.545321,77.02914,28.5342317,77.2746536,MOTHERHUB_BAM,MEERUTMPHUB_MEE,72000,80
Shipment,MOTHERHUB_BAM-MODELTOWNHUB_DEL,28.545321,77.02914,28.720928,77.17626,MOTHERHUB_BAM,MODELTOWNHUB_DEL,72000,1463
Shipment,MOTHERHUB_BAM-MODELTOWNMPHUB_DEL,28.545321,77.02914,28.720928,77.17626,MOTHERHUB_BAM,MODELTOWNMPHUB_DEL,72000,164
Shipment,MOTHERHUB_BAM-NARAINAHUB_DEL,28.545321,77.02914,28.644308,77.146477,MOTHERHUB_BAM,NARAINAHUB_DEL,72000,1501
Shipment,MOTHERHUB_BAM-NARAINAMPHUB_DEL,28.545321,77.02914,28.644308,77.146477,MOTHERHUB_BAM,NARAINAMPHUB_DEL,72000,450
Shipment,MOTHERHUB_BAM-NOIDAHUB_DEL,28.545321,77.02914,28.557544,77.357027,MOTHERHUB_BAM,NOIDAHUB_DEL,72000,809
Shipment,MOTHERHUB_BAM-NOIDAMPHUB_DEL,28.545321,77.02914,28.557544,77.357027,MOTHERHUB_BAM,NOIDAMPHUB_DEL,72000,103
Shipment,MOTHERHUB_BAM-OKHLAHUB_DEL,28.545321,77.02914,28.5342317,77.2746536,MOTHERHUB_BAM,OKHLAHUB_DEL,72000,2290
Shipment,MOTHERHUB_BAM-PALWALHUB_PLW,28.545321,77.02914,28.151348,77.334179,MOTHERHUB_BAM,PALWALHUB_PLW,72000,199
Shipment,MOTHERHUB_BAM-PATAUDIMPHUB_DEL,28.545321,77.02914,28.3,76.8,MOTHERHUB_BAM,PATAUDIMPHUB_DEL,72000,23
Shipment,MOTHERHUB_BAM-PEERAGARHI_PRG,28.545321,77.02914,28.682213,77.090671,MOTHERHUB_BAM,PEERAGARHI_PRG,72000,2429
Shipment,MOTHERHUB_BAM-PEERAGARHIMPHUB_DEL,28.545321,77.02914,28.7,77.1,MOTHERHUB_BAM,PEERAGARHIMPHUB_DEL,72000,780
Shipment,MOTHERHUB_BAM-PRAHLADPURMPHUB_DEL,28.545321,77.02914,28.501376,77.282889,MOTHERHUB_BAM,PRAHLADPURMPHUB_DEL,72000,513
Shipment,MOTHERHUB_BAM-REWARIHUB_RWR,28.545321,77.02914,28.197577,76.6242022,MOTHERHUB_BAM,REWARIHUB_RWR,72000,351
Shipment,MOTHERHUB_BAM-ROHTAKHUB_ROH,28.545321,77.02914,28.882957,76.619906,MOTHERHUB_BAM,ROHTAKHUB_ROH,72000,687
Shipment,MOTHERHUB_BAM-SAHIBABADHUB_DEL,28.545321,77.02914,28.653727,77.362186,MOTHERHUB_BAM,SAHIBABADHUB_DEL,72000,779
Shipment,MOTHERHUB_BAM-SONEPATHUB_SOP,28.545321,77.02914,28.999545,77.032738,MOTHERHUB_BAM,SONEPATHUB_SOP,72000,481
Shipment,MOTHERHUB_BAM-SONEPATMPHUB_SOP,28.545321,77.02914,28.999545,77.032738,MOTHERHUB_BAM,SONEPATMPHUB_SOP,72000,23
Shipment,MOTHERHUB_BAM-VASANTKUNJHUB_DEL,28.545321,77.02914,28.540972,77.117725,MOTHERHUB_BAM,VASANTKUNJHUB_DEL,72000,1030
Shipment,MOTHERHUB_BBI-BHUBANESWARHUB_BBI,20.295471,85.84707,20.2746209,85.8448786,MOTHERHUB_BBI,BHUBANESWARHUB_BBI,72000,1018
Shipment,MOTHERHUB_BBI-CHANDRASEKHARPURHUB_BBI,20.295471,85.84707,20.325572,85.810221,MOTHERHUB_BBI,CHANDRASEKHARPURHUB_BBI,72000,931
Shipment,MOTHERHUB_BBI-CUTTACKHUB_BBI,20.295471,85.84707,28.7040592,77.1024902,MOTHERHUB_BBI,CUTTACKHUB_BBI,72000,1254
Shipment,MOTHERHUB_BBI-GAUTAMNAGARHUB_BBI,20.295471,85.84707,28.5621,77.2139,MOTHERHUB_BBI,GAUTAMNAGARHUB_BBI,72000,299
Shipment,MOTHERHUB_BBI-KHANDAGIRIHUB_BBI,20.295471,85.84707,20.2705,85.8064,MOTHERHUB_BBI,KHANDAGIRIHUB_BBI,72000,848
Shipment,MOTHERHUB_BBI-PURIHUB_PUR,20.295471,85.84707,19.8162,85.8341,MOTHERHUB_BBI,PURIHUB_PUR,72000,270
Shipment,MOTHERHUB_BIL-BADLAPURHUB_BAP,19.2374987,73.0362352,19.180241,73.230829,MOTHERHUB_BIL,BADLAPURHUB_BAP,72000,166
Shipment,MOTHERHUB_BIL-BHIWANDIHUB_BHI,19.2374987,73.0362352,19.240438,73.0449505,MOTHERHUB_BIL,BHIWANDIHUB_BHI,72000,85
Shipment,MOTHERHUB_BIL-BHIWANDIMPHUB_BHI,19.2374987,73.0362352,19.240438,73.0449505,MOTHERHUB_BIL,BHIWANDIMPHUB_BHI,72000,183
Shipment,MOTHERHUB_BIL-DOMBIVLIHUB_MUM,19.2374987,73.0362352,19.2192145,73.1196119,MOTHERHUB_BIL,DOMBIVLIHUB_MUM,72000,529
Shipment,MOTHERHUB_BIL-GHANSOLIHUB_MUM,19.2374987,73.0362352,19.116972,73.004523,MOTHERHUB_BIL,GHANSOLIHUB_MUM,72000,775
Shipment,MOTHERHUB_BIL-GHODBUNDERHUB_MUM,19.2374987,73.0362352,19.228795,72.982964,MOTHERHUB_BIL,GHODBUNDERHUB_MUM,72000,460
Shipment,MOTHERHUB_BIL-KALYANHUB_MUM,19.2374987,73.0362352,19.250139,73.124082,MOTHERHUB_BIL,KALYANHUB_MUM,72000,624
Shipment,MOTHERHUB_BIL-KALYANMPHUB_MUM,19.2374987,73.0362352,19.250139,73.124082,MOTHERHUB_BIL,KALYANMPHUB_MUM,72000,50
Shipment,MOTHERHUB_BIL-KHARGHARHUB_MUM,19.2374987,73.0362352,19.027478,73.060775,MOTHERHUB_BIL,KHARGHARHUB_MUM,72000,703
Shipment,MOTHERHUB_BIL-KHOPOLIHUB_KPL,19.2374987,73.0362352,18.7849547,73.3458623,MOTHERHUB_BIL,KHOPOLIHUB_KPL,72000,387
Shipment,MOTHERHUB_BIL-MOTHERHUB_BIL,19.2374987,73.0362352,19.2374987,73.0362352,MOTHERHUB_BIL,MOTHERHUB_BIL,72000,874
Shipment,MOTHERHUB_BIL-PANVELHUB_PNV,19.2374987,73.0362352,19.026009,73.089823,MOTHERHUB_BIL,PANVELHUB_PNV,72000,642
Shipment,MOTHERHUB_BIL-THANEHUB_MUM,19.2374987,73.0362352,19.186752,72.954549,MOTHERHUB_BIL,THANEHUB_MUM,72000,896
Shipment,MOTHERHUB_BIL-THANEMPHUB_MUM,19.2374987,73.0362352,19.186752,72.954549,MOTHERHUB_BIL,THANEMPHUB_MUM,72000,25
Shipment,MOTHERHUB_BIL-ULHASNAGARHUB_MUM,19.2374987,73.0362352,19.2215,73.1645,MOTHERHUB_BIL,ULHASNAGARHUB_MUM,72000,274
Shipment,MOTHERHUB_BIL-VASAIHUB_MUM,19.2374987,73.0362352,19.4057556,72.8523072,MOTHERHUB_BIL,VASAIHUB_MUM,72000,596
Shipment,MOTHERHUB_BIL-VASAIMPHUB_MUM,19.2374987,73.0362352,19.4057556,72.8523072,MOTHERHUB_BIL,VASAIMPHUB_MUM,72000,66
Shipment,MOTHERHUB_BIL-VASHIHUB_NBM,19.2374987,73.0362352,19.060814,73.002852,MOTHERHUB_BIL,VASHIHUB_NBM,72000,357
Shipment,MOTHERHUB_BIL-VASHIMPHUB_MUM,19.2374987,73.0362352,19.060814,73.002852,MOTHERHUB_BIL,VASHIMPHUB_MUM,72000,87
Shipment,MOTHERHUB_BIL-VIRARHUB_MUM,19.2374987,73.0362352,19.466742,72.810639,MOTHERHUB_BIL,VIRARHUB_MUM,72000,414
Shipment,MOTHERHUB_BLR-AIRPORTBLRHUB_BLR,12.9842798,77.8242648,12.9573002,77.6625524,MOTHERHUB_BLR,AIRPORTBLRHUB_BLR,72000,1199
Shipment,MOTHERHUB_BLR-AIRPORTBLRMPHUB_BLR,12.9842798,77.8242648,12.9573002,77.6625524,MOTHERHUB_BLR,AIRPORTBLRMPHUB_BLR,72000,44
Shipment,MOTHERHUB_BLR-BANASHANKARIHUB_BLR,12.9842798,77.8242648,12.9290073,77.5647677,MOTHERHUB_BLR,BANASHANKARIHUB_BLR,72000,1957
Shipment,MOTHERHUB_BLR-BANASHANKARIMPHUB_BLR,12.9842798,77.8242648,12.9249,77.5662,MOTHERHUB_BLR,BANASHANKARIMPHUB_BLR,72000,67
Shipment,MOTHERHUB_BLR-BILEKAHALLIHUB_BLR,12.9842798,77.8242648,12.93154,77.60873,MOTHERHUB_BLR,BILEKAHALLIHUB_BLR,72000,1216
Shipment,MOTHERHUB_BLR-BILEKAHALLIMPHUB_BLR,12.9842798,77.8242648,12.93154,77.60873,MOTHERHUB_BLR,BILEKAHALLIMPHUB_BLR,72000,72
Shipment,MOTHERHUB_BLR-CHANDAPURHUB_BLR,12.9842798,77.8242648,12.8005,77.7136,MOTHERHUB_BLR,CHANDAPURHUB_BLR,72000,765
Shipment,MOTHERHUB_BLR-DODDABALLAPURHUB_BLR,12.9842798,77.8242648,13.292726,77.538907,MOTHERHUB_BLR,DODDABALLAPURHUB_BLR,72000,341
Shipment,MOTHERHUB_BLR-ECITYHUB_BLR,12.9842798,77.8242648,12.971599,77.594563,MOTHERHUB_BLR,ECITYHUB_BLR,72000,2088
Shipment,MOTHERHUB_BLR-ECITYMPHUB_BLR,12.9842798,77.8242648,12.971599,77.594563,MOTHERHUB_BLR,ECITYMPHUB_BLR,72000,78
Shipment,MOTHERHUB_BLR-HENNURMPHUB_BLR,12.9842798,77.8242648,13.0346,77.6369,MOTHERHUB_BLR,HENNURMPHUB_BLR,72000,23
Shipment,MOTHERHUB_BLR-HOSURHUB_HOS,12.9842798,77.8242648,12.724809,77.823444,MOTHERHUB_BLR,HOSURHUB_HOS,72000,764
Shipment,MOTHERHUB_BLR-HSRHUB_BLR,12.9842798,77.8242648,12.908136,77.647608,MOTHERHUB_BLR,HSRHUB_BLR,72000,2024
Shipment,MOTHERHUB_BLR-HSRMPHUB_BLR,12.9842798,77.8242648,12.908136,77.647608,MOTHERHUB_BLR,HSRMPHUB_BLR,72000,25
Shipment,MOTHERHUB_BLR-HULIMAVUHUB_BLR,12.9842798,77.8242648,12.908136,77.647608,MOTHERHUB_BLR,HULIMAVUHUB_BLR,72000,881
Shipment,MOTHERHUB_BLR-ITPLHUB_BLR,12.9842798,77.8242648,12.990103,77.705894,MOTHERHUB_BLR,ITPLHUB_BLR,72000,1912
Shipment,MOTHERHUB_BLR-ITPLMPHUB_BLR,12.9842798,77.8242648,12.990103,77.705894,MOTHERHUB_BLR,ITPLMPHUB_BLR,72000,78
Shipment,MOTHERHUB_BLR-JPNAGARMPHUB_BLR,12.9842798,77.8242648,12.9105,77.5857,MOTHERHUB_BLR,JPNAGARMPHUB_BLR,72000,23
Shipment,MOTHERHUB_BLR-KALYANNAGARHUB_BLR,12.9842798,77.8242648,13.0100799,77.6574195,MOTHERHUB_BLR,KALYANNAGARHUB_BLR,72000,1445
Shipment,MOTHERHUB_BLR-KALYANNAGARMPHUB_BLR,12.9842798,77.8242648,13.0100799,77.6574195,MOTHERHUB_BLR,KALYANNAGARMPHUB_BLR,72000,96
Shipment,MOTHERHUB_BLR-KORMANGLAHUB_BLR,12.9842798,77.8242648,12.9502356,77.6059548,MOTHERHUB_BLR,KORMANGLAHUB_BLR,72000,951
Shipment,MOTHERHUB_BLR-KORMANGLAMPHUB_BLR,12.9842798,77.8242648,12.9502356,77.6059548,MOTHERHUB_BLR,KORMANGLAMPHUB_BLR,72000,237
Shipment,MOTHERHUB_BLR-LAKEVIEWHUB_BLR,12.9842798,77.8242648,12.987104,77.619211,MOTHERHUB_BLR,LAKEVIEWHUB_BLR,72000,1285
Shipment,MOTHERHUB_BLR-LAKEVIEWMPHUB_BLR,12.9842798,77.8242648,12.987104,77.619211,MOTHERHUB_BLR,LAKEVIEWMPHUB_BLR,72000,26
Shipment,MOTHERHUB_BLR-MAHADEVAPURA_BLR,12.9842798,77.8242648,12.9906013,77.7039261,MOTHERHUB_BLR,MAHADEVAPURA_BLR,72000,1718
Shipment,MOTHERHUB_BLR-MYSOREROADHUB_BLR,12.9842798,77.8242648,12.952683,77.543783,MOTHERHUB_BLR,MYSOREROADHUB_BLR,72000,2245
Shipment,MOTHERHUB_BLR-MYSOREROADMPHUB_BLR,12.9842798,77.8242648,12.952683,77.543783,MOTHERHUB_BLR,MYSOREROADMPHUB_BLR,72000,467
Shipment,MOTHERHUB_BLR-NANDINILAYOUTMPHUB_BLR,12.9842798,77.8242648,13.0150551,77.5390498,MOTHERHUB_BLR,NANDINILAYOUTMPHUB_BLR,72000,121
Shipment,MOTHERHUB_BLR-PEENYAHUB_BLR,12.9842798,77.8242648,13.020355,77.505137,MOTHERHUB_BLR,PEENYAHUB_BLR,72000,1565
Shipment,MOTHERHUB_BLR-RTNAGARHUB_BLR,12.9842798,77.8242648,13.0199542,77.6080509,MOTHERHUB_BLR,RTNAGARHUB_BLR,72000,1445
Shipment,MOTHERHUB_BLR-RTNAGARMPHUB_BLR,12.9842798,77.8242648,13.0199542,77.6080509,MOTHERHUB_BLR,RTNAGARMPHUB_BLR,72000,25
Shipment,MOTHERHUB_BLR-YASHWANTPURAHUB_BLR,12.9842798,77.8242648,13.014838,77.53893,MOTHERHUB_BLR,YASHWANTPURAHUB_BLR,72000,1138
Shipment,MOTHERHUB_BLR-YELAHANKAHUB_BLR,12.9842798,77.8242648,13.0928856,77.5879555,MOTHERHUB_BLR,YELAHANKAHUB_BLR,72000,1238
Shipment,MOTHERHUB_BLR-YELAHANKAMPHUB_BLR,12.9842798,77.8242648,13.0928856,77.5879555,MOTHERHUB_BLR,YELAHANKAMPHUB_BLR,72000,25
Shipment,MOTHERHUB_CHN-AMIJIKARAIHUB_CHN,13.04591,80.067723,13.047895,80.254899,MOTHERHUB_CHN,AMIJIKARAIHUB_CHN,72000,1670
Shipment,MOTHERHUB_CHN-AMIJIKARAIMPHUB_CHN,13.04591,80.067723,13.047895,80.254899,MOTHERHUB_CHN,AMIJIKARAIMPHUB_CHN,72000,25
Shipment,MOTHERHUB_CHN-GUINDYHUB_MAA,13.04591,80.067723,13.033483,80.161173,MOTHERHUB_CHN,GUINDYHUB_MAA,72000,1760
Shipment,MOTHERHUB_CHN-KEELKATTALAIHUB_CHN,13.04591,80.067723,12.949957,80.186198,MOTHERHUB_CHN,KEELKATTALAIHUB_CHN,72000,1008
Shipment,MOTHERHUB_CHN-KILPAUKHUB_CHN,13.04591,80.067723,13.0880246,80.2507325,MOTHERHUB_CHN,KILPAUKHUB_CHN,72000,895
Shipment,MOTHERHUB_CHN-KILPAUKMPHUB_CHN,13.04591,80.067723,13.0880246,80.2507325,MOTHERHUB_CHN,KILPAUKMPHUB_CHN,72000,36
Shipment,MOTHERHUB_CHN-MMNAGARHUB_CHN,13.04591,80.067723,12.783976,80.0332646,MOTHERHUB_CHN,MMNAGARHUB_CHN,72000,723
Shipment,MOTHERHUB_CHN-PADIHUB_CHN,13.04591,80.067723,13.1047808,80.1741232,MOTHERHUB_CHN,PADIHUB_CHN,72000,1805
Shipment,MOTHERHUB_CHN-PALLAVAKAMHUB_CHN,13.04591,80.067723,12.971561,80.246737,MOTHERHUB_CHN,PALLAVAKAMHUB_CHN,72000,1130
Shipment,MOTHERHUB_CHN-PERAMBURHUB_CHN,13.04591,80.067723,13.141439,80.226677,MOTHERHUB_CHN,PERAMBURHUB_CHN,72000,1367
Shipment,MOTHERHUB_CHN-PURASAVAKKAMMPHUB_CHN,13.04591,80.067723,13.0897,80.2541,MOTHERHUB_CHN,PURASAVAKKAMMPHUB_CHN,72000,196
Shipment,MOTHERHUB_CHN-SHOLLINGANALLURHUB_CHN,13.04591,80.067723,12.8760578,80.2287766,MOTHERHUB_CHN,SHOLLINGANALLURHUB_CHN,72000,1523
Shipment,MOTHERHUB_CHN-SRIPERUMBUDURHUB_CHN,13.04591,80.067723,12.9731928,79.9546946,MOTHERHUB_CHN,SRIPERUMBUDURHUB_CHN,72000,342
Shipment,MOTHERHUB_CHN-TAMBARAMHUB_MAA,13.04591,80.067723,12.913303,80.082998,MOTHERHUB_CHN,TAMBARAMHUB_MAA,72000,821
Shipment,MOTHERHUB_CHN-VALASARAVAKKAMMPHUB_CHN,13.04591,80.067723,13.0485,80.1775,MOTHERHUB_CHN,VALASARAVAKKAMMPHUB_CHN,72000,103
Shipment,MOTHERHUB_CJB-AVINASHIRDHUB_CJB,11.0633423,77.0910944,11.019186,76.978493,MOTHERHUB_CJB,AVINASHIRDHUB_CJB,72000,868
Shipment,MOTHERHUB_CJB-KOVAIPUDURHUB_KVP,11.0633423,77.0910944,11.0168,76.9558,MOTHERHUB_CJB,KOVAIPUDURHUB_KVP,72000,557
Shipment,MOTHERHUB_CJB-PEELAMEDUHUB_CJB,11.0633423,77.0910944,11.036762,77.029182,MOTHERHUB_CJB,PEELAMEDUHUB_CJB,72000,1204
Shipment,MOTHERHUB_CJB-PNPALAYAMHUB_CJB,11.0633423,77.0910944,11.159488,76.943677,MOTHERHUB_CJB,PNPALAYAMHUB_CJB,72000,448
Shipment,MOTHERHUB_CJB-POLLACHIHUB_CJB,11.0633423,77.0910944,10.683575,77.010342,MOTHERHUB_CJB,POLLACHIHUB_CJB,72000,354
Shipment,MOTHERHUB_CJB-TIRUPURHUB_TPR,11.0633423,77.0910944,11.092483,77.347287,MOTHERHUB_CJB,TIRUPURHUB_TPR,72000,1114
Shipment,MOTHERHUB_CJB-TIRUPURMPHUB_TPR,11.0633423,77.0910944,11.092483,77.347287,MOTHERHUB_CJB,TIRUPURMPHUB_TPR,72000,223
Shipment,MOTHERHUB_GAU-MALIGAONHUB_GAU,26.043197,91.705232,26.1444,91.6421,MOTHERHUB_GAU,MALIGAONHUB_GAU,72000,1190
Shipment,MOTHERHUB_GAU-SIXMILEHUB_GAU,26.043197,91.705232,26.132376,91.807421,MOTHERHUB_GAU,SIXMILEHUB_GAU,72000,1214
Shipment,MOTHERHUB_GAU-ULUBARIHUB_GAU,26.043197,91.705232,26.148043,91.731377,MOTHERHUB_GAU,ULUBARIHUB_GAU,72000,1247
Shipment,MOTHERHUB_GOA-CANACONAHUB_GOA,15.3682554,73.946764,15.0079082,74.0706311,MOTHERHUB_GOA,CANACONAHUB_GOA,72000,284
Shipment,MOTHERHUB_GOA-MERCESHUB_GOA,15.3682554,73.946764,15.4774417,73.8551167,MOTHERHUB_GOA,MERCESHUB_GOA,72000,519
Shipment,MOTHERHUB_GOA-NAVELIMHUB_GOA,15.3682554,73.946764,15.252793,73.981411,MOTHERHUB_GOA,NAVELIMHUB_GOA,72000,438
Shipment,MOTHERHUB_GOA-PANJIMHUB_GOA,15.3682554,73.946764,15.5899555,73.815853,MOTHERHUB_GOA,PANJIMHUB_GOA,72000,785
Shipment,MOTHERHUB_GOA-PONDAHUB_PND,15.3682554,73.946764,15.3985169,74.0179397,MOTHERHUB_GOA,PONDAHUB_PND,72000,451
Shipment,MOTHERHUB_GOA-PORVORIMHUB_GOA,15.3682554,73.946764,15.5409166,73.8239734,MOTHERHUB_GOA,PORVORIMHUB_GOA,72000,546
Shipment,MOTHERHUB_GOA-SANQUELIMHUB_GOA,15.3682554,73.946764,15.5583,74.0125,MOTHERHUB_GOA,SANQUELIMHUB_GOA,72000,322
Shipment,MOTHERHUB_GOA-SANVORDEMHUB_GOA,15.3682554,73.946764,15.260954,74.107501,MOTHERHUB_GOA,SANVORDEMHUB_GOA,72000,267
Shipment,MOTHERHUB_GOA-VERNAHUB_GOA,15.3682554,73.946764,15.3732306,73.9298741,MOTHERHUB_GOA,VERNAHUB_GOA,72000,762
Shipment,MOTHERHUB_IDR-INDOREHUB_IDR,22.777113,75.9021171,22.7534724,75.8972813,MOTHERHUB_IDR,INDOREHUB_IDR,72000,1108
Shipment,MOTHERHUB_IDR-RAJENDRANAGARHUB_IDR,22.777113,75.9021171,22.6681787,75.8307439,MOTHERHUB_IDR,RAJENDRANAGARHUB_IDR,72000,849
Shipment,MOTHERHUB_IDR-UJJAINHUB_UJN,22.777113,75.9021171,23.1566499,75.7895992,MOTHERHUB_IDR,UJJAINHUB_UJN,72000,300
Shipment,MOTHERHUB_IXR-HARMUHUB_IXR,23.352715,85.343538,23.3656,85.3472,MOTHERHUB_IXR,HARMUHUB_IXR,72000,730
Shipment,MOTHERHUB_IXR-KANTATOLIHUB_IXR,23.352715,85.343538,23.3656,85.3472,MOTHERHUB_IXR,KANTATOLIHUB_IXR,72000,1399
Shipment,MOTHERHUB_JAI-JAIPURHUB_JAI,26.948928,75.761927,26.831805,75.776393,MOTHERHUB_JAI,JAIPURHUB_JAI,72000,2024
Shipment,MOTHERHUB_JAI-JAIPURMPHUB_JAI,26.948928,75.761927,26.831805,75.776393,MOTHERHUB_JAI,JAIPURMPHUB_JAI,72000,1185
Shipment,MOTHERHUB_JAI-SIKARHUB_SIK,26.948928,75.761927,27.602355,75.146414,MOTHERHUB_JAI,SIKARHUB_SIK,72000,287
Shipment,MOTHERHUB_JAI-VKIAHUB_JAI,26.948928,75.761927,26.965027,75.781706,MOTHERHUB_JAI,VKIAHUB_JAI,72000,1387
Shipment,MOTHERHUB_KOL-BANDELHUB_BND,22.708183,88.28565,22.91903,88.38501,MOTHERHUB_KOL,BANDELHUB_BND,72000,489
Shipment,MOTHERHUB_KOL-BARASATHUB_KOL,22.708183,88.28565,22.720751,88.490281,MOTHERHUB_KOL,BARASATHUB_KOL,72000,912
Shipment,MOTHERHUB_KOL-BARRACKPOREHUB_KOL,22.708183,88.28565,22.763197,88.362168,MOTHERHUB_KOL,BARRACKPOREHUB_KOL,72000,1058
Shipment,MOTHERHUB_KOL-BEHALAHUB_KOL,22.708183,88.28565,22.518478,88.293911,MOTHERHUB_KOL,BEHALAHUB_KOL,72000,1007
Shipment,MOTHERHUB_KOL-BELGHARIAHUB_KOL,22.708183,88.28565,22.664407,88.373691,MOTHERHUB_KOL,BELGHARIAHUB_KOL,72000,891
Shipment,MOTHERHUB_KOL-BHAWANIPURHUB_KOL,22.708183,88.28565,22.515362,88.345667,MOTHERHUB_KOL,BHAWANIPURHUB_KOL,72000,1040
Shipment,MOTHERHUB_KOL-BURDWANHUB_BDM,22.708183,88.28565,23.22,87.87,MOTHERHUB_KOL,BURDWANHUB_BDM,72000,463
Shipment,MOTHERHUB_KOL-CHANDANNAGARHUB_CNR,22.708183,88.28565,22.861539,88.367319,MOTHERHUB_KOL,CHANDANNAGARHUB_CNR,72000,766
Shipment,MOTHERHUB_KOL-CHINARPARKHUB_KOL,22.708183,88.28565,22.623731,88.44021,MOTHERHUB_KOL,CHINARPARKHUB_KOL,72000,1174
Shipment,MOTHERHUB_KOL-GARIAHUB_KOL,22.708183,88.28565,22.446231,88.399196,MOTHERHUB_KOL,GARIAHUB_KOL,72000,1593
Shipment,MOTHERHUB_KOL-HALTUHUB_KOL,22.708183,88.28565,22.510417,88.371098,MOTHERHUB_KOL,HALTUHUB_KOL,72000,899
Shipment,MOTHERHUB_KOL-HOWRAHHUB_KOL,22.708183,88.28565,22.563584,88.290296,MOTHERHUB_KOL,HOWRAHHUB_KOL,72000,1033
Shipment,MOTHERHUB_KOL-KALYANIHUB_KOL,22.708183,88.28565,22.9752,88.4345,MOTHERHUB_KOL,KALYANIHUB_KOL,72000,265
Shipment,MOTHERHUB_KOL-KANKURGACHIHUB_KOL,22.708183,88.28565,22.5800683,88.3902614,MOTHERHUB_KOL,KANKURGACHIHUB_KOL,72000,1199
Shipment,MOTHERHUB_KOL-LAKETOWNHUB_KOL,22.708183,88.28565,22.6064951,88.4030208,MOTHERHUB_KOL,LAKETOWNHUB_KOL,72000,904
Shipment,MOTHERHUB_KOL-SAKHERBAZARHUB_KOL,22.708183,88.28565,22.4817316,88.3166039,MOTHERHUB_KOL,SAKHERBAZARHUB_KOL,72000,1063
Shipment,MOTHERHUB_KOL-SALKIAHUB_KOL,22.708183,88.28565,22.597832,88.34782,MOTHERHUB_KOL,SALKIAHUB_KOL,72000,1160
Shipment,MOTHERHUB_KOL-SALTLAKEHUB_KOL,22.708183,88.28565,22.572646,88.363895,MOTHERHUB_KOL,SALTLAKEHUB_KOL,72000,954
Shipment,MOTHERHUB_KOL-SECTORVHUB_KOL,22.708183,88.28565,22.572195,88.432778,MOTHERHUB_KOL,SECTORVHUB_KOL,72000,915
Shipment,MOTHERHUB_KOL-SODEPURHUB_KOL,22.708183,88.28565,22.697884,88.436337,MOTHERHUB_KOL,SODEPURHUB_KOL,72000,718
Shipment,MOTHERHUB_LKO-ALIGANJHUB_LKO,26.755912,80.910939,26.895454,80.94361,MOTHERHUB_LKO,ALIGANJHUB_LKO,72000,951
Shipment,MOTHERHUB_LKO-GUMTIHUB_KNU,26.755912,80.910939,26.449935,80.331861,MOTHERHUB_LKO,GUMTIHUB_KNU,72000,1464
Shipment,MOTHERHUB_LKO-GUMTIMPHUB_KNU,26.755912,80.910939,26.449935,80.331861,MOTHERHUB_LKO,GUMTIMPHUB_KNU,72000,25
Shipment,MOTHERHUB_LKO-MOTHERHUB_LKO,26.755912,80.910939,26.755912,80.910939,MOTHERHUB_LKO,MOTHERHUB_LKO,72000,103
Shipment,MOTHERHUB_LKO-TRANSPORTNAGARHUB_LKO,26.755912,80.910939,26.855695,81.023185,MOTHERHUB_LKO,TRANSPORTNAGARHUB_LKO,72000,1688
Shipment,MOTHERHUB_LKO-TRANSPORTNAGARMPHUB_LKO,26.755912,80.910939,26.855695,81.023185,MOTHERHUB_LKO,TRANSPORTNAGARMPHUB_LKO,72000,33
Shipment,MOTHERHUB_LKO-VIBHUTIKHANDHUB_LKO,26.755912,80.910939,26.855695,81.023185,MOTHERHUB_LKO,VIBHUTIKHANDHUB_LKO,72000,1122
Shipment,MOTHERHUB_MED-BASHEERBAGHHUB_HYD,17.580519,78.469527,17.370081,78.509992,MOTHERHUB_MED,BASHEERBAGHHUB_HYD,72000,626
Shipment,MOTHERHUB_MED-BEGUMPETHUB_HYD,17.580519,78.469527,17.441115,78.470894,MOTHERHUB_MED,BEGUMPETHUB_HYD,72000,920
Shipment,MOTHERHUB_MED-DOMALGUDAHUB_HYD,17.580519,78.469527,17.4079714,78.4789684,MOTHERHUB_MED,DOMALGUDAHUB_HYD,72000,920
Shipment,MOTHERHUB_MED-ECILHUB_HYD,17.580519,78.469527,17.404671,78.543514,MOTHERHUB_MED,ECILHUB_HYD,72000,845
Shipment,MOTHERHUB_MED-HABSIGUDAHUB_HYD,17.580519,78.469527,17.432177,78.529201,MOTHERHUB_MED,HABSIGUDAHUB_HYD,72000,960
Shipment,MOTHERHUB_MED-HITECHCITYHUB_HYD,17.580519,78.469527,17.4077784,78.3932064,MOTHERHUB_MED,HITECHCITYHUB_HYD,72000,880
Shipment,MOTHERHUB_MED-KAVURIHILLSHUB_HYD,17.580519,78.469527,17.444296,78.385491,MOTHERHUB_MED,KAVURIHILLSHUB_HYD,72000,1501
Shipment,MOTHERHUB_MED-KUKATPALLYHUB_HYD,17.580519,78.469527,17.4982503,78.4105719,MOTHERHUB_MED,KUKATPALLYHUB_HYD,72000,794
Shipment,MOTHERHUB_MED-LBNAGARHUB_HYD,17.580519,78.469527,17.3419471,78.5550388,MOTHERHUB_MED,LBNAGARHUB_HYD,72000,1289
Shipment,MOTHERHUB_MED-MADINAGUDAHUB_HYD,17.580519,78.469527,17.4936856,78.3401292,MOTHERHUB_MED,MADINAGUDAHUB_HYD,72000,683
Shipment,MOTHERHUB_MED-MASABTANKHUB_HYD,17.580519,78.469527,17.3983,78.4505,MOTHERHUB_MED,MASABTANKHUB_HYD,72000,714
Shipment,MOTHERHUB_MED-NIZAMPETHUB_HYD,17.580519,78.469527,17.515446,78.380272,MOTHERHUB_MED,NIZAMPETHUB_HYD,72000,556
Shipment,MOTHERHUB_MED-SANATHNAGARHUB_HYD,17.580519,78.469527,17.454268,78.437536,MOTHERHUB_MED,SANATHNAGARHUB_HYD,72000,759
Shipment,MOTHERHUB_MED-SOMAJIGUDAMPHUB_HYD,17.580519,78.469527,17.4237,78.4584,MOTHERHUB_MED,SOMAJIGUDAMPHUB_HYD,72000,298
Shipment,MOTHERHUB_MED-SUCHITRAHUB_HYD,17.580519,78.469527,17.5067057,78.478702,MOTHERHUB_MED,SUCHITRAHUB_HYD,72000,704
Shipment,MOTHERHUB_MED-TOLICHOWKIMPHUB_HYD,17.580519,78.469527,17.399,78.4153,MOTHERHUB_MED,TOLICHOWKIMPHUB_HYD,72000,420
Shipment,MOTHERHUB_MED-TRIMULGHERRYHUB_HYD,17.580519,78.469527,17.4710109,78.5065805,MOTHERHUB_MED,TRIMULGHERRYHUB_HYD,72000,608
Shipment,MOTHERHUB_MED-VIKARABADHUB_VKB,17.580519,78.469527,17.341414,77.9070458,MOTHERHUB_MED,VIKARABADHUB_VKB,72000,164
Shipment,MOTHERHUB_PAT-BIHARSHARIFHUB_BSF,25.587197,85.185842,25.1982,85.5149,MOTHERHUB_PAT,BIHARSHARIFHUB_BSF,72000,222
Shipment,MOTHERHUB_PAT-HAJIGANJHUB_PAT,25.587197,85.185842,25.5986,85.2295,MOTHERHUB_PAT,HAJIGANJHUB_PAT,72000,887
Shipment,MOTHERHUB_PAT-HAJIPURHUB_HJP,25.587197,85.185842,25.6858,85.2146,MOTHERHUB_PAT,HAJIPURHUB_HJP,72000,59
Shipment,MOTHERHUB_PAT-KANKARBAGHHUB_PAT,25.587197,85.185842,25.593818,85.160533,MOTHERHUB_PAT,KANKARBAGHHUB_PAT,72000,1176
Shipment,MOTHERHUB_PAT-MUZAFFARPURHUB_MZF,25.587197,85.185842,26.128011,85.361422,MOTHERHUB_PAT,MUZAFFARPURHUB_MZF,72000,911
Shipment,MOTHERHUB_PAT-RAJABAZARHUB_PAT,25.587197,85.185842,25.6122379,85.1303,MOTHERHUB_PAT,RAJABAZARHUB_PAT,72000,1197
Shipment,MOTHERHUB_PAT-RAJIVNAGARHUB_PAT,25.587197,85.185842,25.631008,85.093462,MOTHERHUB_PAT,RAJIVNAGARHUB_PAT,72000,1289
Shipment,MOTHERHUB_PUNE-BANERHUB_PUNE,18.6087917,73.7268817,18.564505,73.783821,MOTHERHUB_PUNE,BANERHUB_PUNE,72000,685
Shipment,MOTHERHUB_PUNE-BHOSARIHUB_PUNE,18.6087917,73.7268817,18.642384,73.831053,MOTHERHUB_PUNE,BHOSARIHUB_PUNE,72000,358
Shipment,MOTHERHUB_PUNE-CHAKANHUB_PUNE,18.6087917,73.7268817,18.760266,73.863035,MOTHERHUB_PUNE,CHAKANHUB_PUNE,72000,261
Shipment,MOTHERHUB_PUNE-DHANKAWADIHUB_PUNE,18.6087917,73.7268817,18.485482,73.863777,MOTHERHUB_PUNE,DHANKAWADIHUB_PUNE,72000,467
Shipment,MOTHERHUB_PUNE-HADAPSARHUB_PUNE,18.6087917,73.7268817,18.50892,73.926026,MOTHERHUB_PUNE,HADAPSARHUB_PUNE,72000,930
Shipment,MOTHERHUB_PUNE-ISLAMPURHUB_SNG,18.6087917,73.7268817,26.2546,88.1974,MOTHERHUB_PUNE,ISLAMPURHUB_SNG,72000,197
Shipment,MOTHERHUB_PUNE-NAGARROADHUB_PUNE,18.6087917,73.7268817,18.55342,73.928494,MOTHERHUB_PUNE,NAGARROADHUB_PUNE,72000,1013
Shipment,MOTHERHUB_PUNE-NIBMHUB_PUNE,18.6087917,73.7268817,18.4761,73.9015,MOTHERHUB_PUNE,NIBMHUB_PUNE,72000,459
Shipment,MOTHERHUB_PUNE-PIMPRIHUB_PUNE,18.6087917,73.7268817,18.6033088,73.7931971,MOTHERHUB_PUNE,PIMPRIHUB_PUNE,72000,592
Shipment,MOTHERHUB_PUNE-PRABHATROADHUB_PUNE,18.6087917,73.7268817,18.528896,73.874391,MOTHERHUB_PUNE,PRABHATROADHUB_PUNE,72000,679
Shipment,MOTHERHUB_PUNE-PURNANAGARHUB_PUNE,18.6087917,73.7268817,18.66,73.814,MOTHERHUB_PUNE,PURNANAGARHUB_PUNE,72000,464
Shipment,MOTHERHUB_PUNE-SHIVAJINAGARHUB_PUNE,18.6087917,73.7268817,18.5308,73.8475,MOTHERHUB_PUNE,SHIVAJINAGARHUB_PUNE,72000,404
Shipment,MOTHERHUB_PUNE-SOMATANEPHATAHUB_PUNE,18.6087917,73.7268817,18.595531,73.733926,MOTHERHUB_PUNE,SOMATANEPHATAHUB_PUNE,72000,787
Shipment,MOTHERHUB_PUNE-THERGAONHUB_PUNE,18.6087917,73.7268817,18.6429311,73.7561058,MOTHERHUB_PUNE,THERGAONHUB_PUNE,72000,490
Shipment,MOTHERHUB_PUNE-WAGHOLIHUB_PUNE,18.6087917,73.7268817,18.592667,73.9997267,MOTHERHUB_PUNE,WAGHOLIHUB_PUNE,72000,451
Shipment,MOTHERHUB_PUNE-WARJEHUB_PUNE,18.6087917,73.7268817,18.48,73.79,MOTHERHUB_PUNE,WARJEHUB_PUNE,72000,952
Shipment,MOTHERHUB_RAI-RATANPURHUB_PAB,22.056106,82.171855,22.2812175,82.1550451,MOTHERHUB_RAI,RATANPURHUB_PAB,72000,643
Shipment,MOTHERHUB_STV-NAVSARIHUB_STV,21.0895987,72.900005,20.9473683,72.9622133,MOTHERHUB_STV,NAVSARIHUB_STV,72000,328
Shipment,MOTHERHUB_STV-PARVATPATIYAHUB_STV,21.0895987,72.900005,21.190014,72.873387,MOTHERHUB_STV,PARVATPATIYAHUB_STV,72000,613
Shipment,MOTHERHUB_STV-SOSYOCIRCLEHUB_STV,21.0895987,72.900005,21.1669525,72.8282381,MOTHERHUB_STV,SOSYOCIRCLEHUB_STV,72000,446
Shipment,MOTHERHUB_STV-SURATHUB_STV,21.0895987,72.900005,21.1726205,72.8382195,MOTHERHUB_STV,SURATHUB_STV,72000,778
Shipment,MOTHERHUB_STV-SURATMPHUB_STV,21.0895987,72.900005,21.1726205,72.8382195,MOTHERHUB_STV,SURATMPHUB_STV,72000,643
