item,id,src_lat,src_long,dest_lat,des_long,source_name,destination_name,Load
Shipments,MotherHub_MED_MotherHub_PAT,17.580668,78.469767,25.585908,85.182063,MotherHub_MED,MotherHub_PAT,372
Shipments,MotherHub_STV_MotherHub_CJB,21.088983,72.915352,11.062704,77.090434,MotherHub_STV,MotherHub_CJB,120
Shipments,MotherHub_PTD_MotherHub_JAI,28.300608,76.820188,26.948758,75.762015,MotherHub_PTD,MotherHub_JAI,115
Shipments,MotherHub_IDR_MotherHub_PAT,22.768738,75.903691,25.585908,85.182063,MotherHub_IDR,MotherHub_PAT,10
Shipments,MotherHub_IDR_MotherHub_BAM,22.768738,75.903691,28.54532,77.029136,MotherHub_IDR,MotherHub_BAM,39
Shipments,Motherhub_JIG_MotherHub_IDR,12.783553,77.644351,22.768738,75.903691,Motherhub_JIG,MotherHub_IDR,8
Shipments,MotherHub_PTI_MotherHub_JAI,28.307612,76.81791,26.948758,75.762015,MotherHub_PTI,MotherHub_JAI,2541
Shipments,MotherHub_KNG_MotherHub_BAM,13.063051,77.741323,28.54532,77.029136,MotherHub_KNG,MotherHub_BAM,724
Shipments,Motherhub_JIG_MotherHub_AMD,12.783553,77.644351,22.88998,72.594151,Motherhub_JIG,MotherHub_AMD,17
Shipments,MotherHub_CHN_MotherHub_PUNE,13.046088,80.069352,18.607342,73.727015,MotherHub_CHN,MotherHub_PUNE,110
Shipments,MotherHub_AMD_MotherHub_MUM,22.88998,72.594151,19.080923,72.879793,MotherHub_AMD,MotherHub_MUM,17
Shipments,MotherHub_KNG_MotherHub_PTI,13.063051,77.741323,28.307612,76.81791,MotherHub_KNG,MotherHub_PTI,810
Shipments,MotherHub_IDR_MotherHub_KNG,22.768738,75.903691,13.063051,77.741323,MotherHub_IDR,MotherHub_KNG,12
Shipments,MotherHub_BLP_MotherHub_MUM,28.294382,76.856416,19.080923,72.879793,MotherHub_BLP,MotherHub_MUM,65
Shipments,MotherHub_MUM_MotherHub_MED,19.080923,72.879793,17.580668,78.469767,MotherHub_MUM,MotherHub_MED,0
Shipments,MotherHub_DKN_MotherHub_GZB,22.740286,88.31672,28.681766,77.530593,MotherHub_DKN,MotherHub_GZB,0
Shipments,MotherHub_KOL_MotherHub_DEL,22.693624,88.487686,28.54912,77.131226,MotherHub_KOL,MotherHub_DEL,1
Shipments,MotherHub_PZH_MotherHub_IXR,13.15093,80.199126,23.349885,85.342528,MotherHub_PZH,MotherHub_IXR,34
Shipments,MotherHub_DEL_MotherHub_GZB,28.54912,77.131226,28.681766,77.530593,MotherHub_DEL,MotherHub_GZB,2
Shipments,MotherHub_KOL_MotherHub_PTI,22.693624,88.487686,28.307612,76.81791,MotherHub_KOL,MotherHub_PTI,263
Shipments,MotherHub_BHI_MotherHub_GAU,19.238673,73.036094,26.111505,91.772078,MotherHub_BHI,MotherHub_GAU,269
Shipments,MotherHub_AMD_MotherHub_IDR,22.88998,72.594151,22.768738,75.903691,MotherHub_AMD,MotherHub_IDR,28
Shipments,MotherHub_PUNE_MotherHub_KOL,18.607342,73.727015,22.693624,88.487686,MotherHub_PUNE,MotherHub_KOL,100
Shipments,MotherHub_WTF_MotherHub_PTI,12.991207,77.808766,28.307612,76.81791,MotherHub_WTF,MotherHub_PTI,1846
Shipments,MotherHub_JAI_MotherHub_MUM,26.948758,75.762015,19.080923,72.879793,MotherHub_JAI,MotherHub_MUM,25
Shipments,MotherHub_IDR_MotherHub_IXR,22.768738,75.903691,23.349885,85.342528,MotherHub_IDR,MotherHub_IXR,5
Shipments,MotherHub_MED_MotherHub_KNG,17.580668,78.469767,13.063051,77.741323,MotherHub_MED,MotherHub_KNG,569
Shipments,MotherHub_KNG_MotherHub_CJB,13.063051,77.741323,11.062704,77.090434,MotherHub_KNG,MotherHub_CJB,269
Shipments,MotherHub_WTF_MotherHub_GAU,12.991207,77.808766,26.111505,91.772078,MotherHub_WTF,MotherHub_GAU,228
Shipments,MotherHub_PUNE_MotherHub_IXR,18.607342,73.727015,23.349885,85.342528,MotherHub_PUNE,MotherHub_IXR,16
Shipments,MotherHub_KOL_MotherHub_IDR,22.693624,88.487686,22.768738,75.903691,MotherHub_KOL,MotherHub_IDR,30
Shipments,Motherhub_JIG_MotherHub_GZB,12.783553,77.644351,28.681766,77.530593,Motherhub_JIG,MotherHub_GZB,0
Shipments,Motherhub_JIG_MotherHub_PAT,12.783553,77.644351,25.585908,85.182063,Motherhub_JIG,MotherHub_PAT,11
Shipments,MotherHub_BAM_MotherHub_MUM,28.54532,77.029136,19.080923,72.879793,MotherHub_BAM,MotherHub_MUM,0
Shipments,MotherHub_GZB_MotherHub_DEL,28.681766,77.530593,28.54912,77.131226,MotherHub_GZB,MotherHub_DEL,14
Shipments,MotherHub_STV_MotherHub_KOL,21.088983,72.915352,22.693624,88.487686,MotherHub_STV,MotherHub_KOL,855
Shipments,MotherHub_PUNE_MotherHub_PAT,18.607342,73.727015,25.585908,85.182063,MotherHub_PUNE,MotherHub_PAT,31
Shipments,MotherHub_KOL_MotherHub_ABL,22.693624,88.487686,30.39645,76.811665,MotherHub_KOL,MotherHub_ABL,4
Shipments,MotherHub_DEL_MotherHub_ABL,28.54912,77.131226,30.39645,76.811665,MotherHub_DEL,MotherHub_ABL,26
Shipments,MotherHub_PTI_MotherHub_DEL,28.307612,76.81791,28.54912,77.131226,MotherHub_PTI,MotherHub_DEL,0
Shipments,MotherHub_DKN_MotherHub_JAI,22.740286,88.31672,26.948758,75.762015,MotherHub_DKN,MotherHub_JAI,43
Shipments,MotherHub_PTD_MotherHub_CJB,28.300608,76.820188,11.062704,77.090434,MotherHub_PTD,MotherHub_CJB,9
Shipments,MotherHub_BNO_MotherHub_CHN,28.54532,77.029136,13.046088,80.069352,MotherHub_BNO,MotherHub_CHN,736
Shipments,MotherHub_PTD_MotherHub_AMD,28.300608,76.820188,22.88998,72.594151,MotherHub_PTD,MotherHub_AMD,52
Shipments,MotherHub_BLP_MotherHub_BNO,28.294382,76.856416,28.54532,77.029136,MotherHub_BLP,MotherHub_BNO,13
Shipments,MotherHub_BLP_MotherHub_KNG,28.294382,76.856416,13.063051,77.741323,MotherHub_BLP,MotherHub_KNG,109
Shipments,MotherHub_STV_MotherHub_MED,21.088983,72.915352,17.580668,78.469767,MotherHub_STV,MotherHub_MED,539
Shipments,MotherHub_DKN_MotherHub_BNO,22.740286,88.31672,28.54532,77.029136,MotherHub_DKN,MotherHub_BNO,1
Shipments,MotherHub_BLP_MotherHub_GAU,28.294382,76.856416,26.111505,91.772078,MotherHub_BLP,MotherHub_GAU,334
Shipments,MotherHub_STV_MotherHub_BAM,21.088983,72.915352,28.54532,77.029136,MotherHub_STV,MotherHub_BAM,808
Shipments,Motherhub_JIG_MotherHub_JAI,12.783553,77.644351,26.948758,75.762015,Motherhub_JIG,MotherHub_JAI,12
Shipments,MotherHub_PUNE_MotherHub_BNO,18.607342,73.727015,28.54532,77.029136,MotherHub_PUNE,MotherHub_BNO,1
Shipments,MotherHub_PTI_MotherHub_ABL,28.307612,76.81791,30.39645,76.811665,MotherHub_PTI,MotherHub_ABL,182
Shipments,MotherHub_PZH_MotherHub_PTI,13.15093,80.199126,28.307612,76.81791,MotherHub_PZH,MotherHub_PTI,178
Shipments,MotherHub_CHN_MotherHub_JAI,13.046088,80.069352,26.948758,75.762015,MotherHub_CHN,MotherHub_JAI,37
Shipments,MotherHub_PUNE_MotherHub_STV,18.607342,73.727015,21.088983,72.915352,MotherHub_PUNE,MotherHub_STV,12
Shipments,MotherHub_BHI_MotherHub_AMD,19.238673,73.036094,22.88998,72.594151,MotherHub_BHI,MotherHub_AMD,717
Shipments,MotherHub_IDR_MotherHub_MED,22.768738,75.903691,17.580668,78.469767,MotherHub_IDR,MotherHub_MED,22
Shipments,MotherHub_IDR_MotherHub_JAI,22.768738,75.903691,26.948758,75.762015,MotherHub_IDR,MotherHub_JAI,10
Shipments,MotherHub_MUM_MotherHub_PUNE,19.080923,72.879793,18.607342,73.727015,MotherHub_MUM,MotherHub_PUNE,0
Shipments,MotherHub_PTD_MotherHub_DEL,28.300608,76.820188,28.54912,77.131226,MotherHub_PTD,MotherHub_DEL,0
Shipments,MotherHub_PZH_MotherHub_PAT,13.15093,80.199126,25.585908,85.182063,MotherHub_PZH,MotherHub_PAT,72
Shipments,MotherHub_MED_MotherHub_MUM,17.580668,78.469767,19.080923,72.879793,MotherHub_MED,MotherHub_MUM,179
Shipments,MotherHub_AMD_MotherHub_JAI,22.88998,72.594151,26.948758,75.762015,MotherHub_AMD,MotherHub_JAI,51
Shipments,MotherHub_DEL_MotherHub_BNO,28.54912,77.131226,28.54532,77.029136,MotherHub_DEL,MotherHub_BNO,28
Shipments,MotherHub_KNG_MotherHub_PAT,13.063051,77.741323,25.585908,85.182063,MotherHub_KNG,MotherHub_PAT,265
Shipments,MotherHub_WTF_MotherHub_KOL,12.991207,77.808766,22.693624,88.487686,MotherHub_WTF,MotherHub_KOL,1546
Shipments,MotherHub_WTF_MotherHub_DEL,12.991207,77.808766,28.54912,77.131226,MotherHub_WTF,MotherHub_DEL,8
Shipments,MotherHub_KOL_MotherHub_PAT,22.693624,88.487686,25.585908,85.182063,MotherHub_KOL,MotherHub_PAT,226
Shipments,MotherHub_JAI_MotherHub_IDR,26.948758,75.762015,22.768738,75.903691,MotherHub_JAI,MotherHub_IDR,218
Shipments,MotherHub_KOL_MotherHub_RAI,22.693624,88.487686,21.271957,81.635654,MotherHub_KOL,MotherHub_RAI,176
Shipments,MotherHub_BHI_MotherHub_BAM,19.238673,73.036094,28.54532,77.029136,MotherHub_BHI,MotherHub_BAM,555
Shipments,MotherHub_DEL_MotherHub_MUM,28.54912,77.131226,19.080923,72.879793,MotherHub_DEL,MotherHub_MUM,163
Shipments,Motherhub_JIG_MotherHub_MUM,12.783553,77.644351,19.080923,72.879793,Motherhub_JIG,MotherHub_MUM,3
Shipments,MotherHub_BNO_MotherHub_AMD,28.54532,77.029136,22.88998,72.594151,MotherHub_BNO,MotherHub_AMD,693
Shipments,MotherHub_DEL_MotherHub_KOL,28.54912,77.131226,22.693624,88.487686,MotherHub_DEL,MotherHub_KOL,736
Shipments,MotherHub_PTI_MotherHub_KOL,28.307612,76.81791,22.693624,88.487686,MotherHub_PTI,MotherHub_KOL,5094
Shipments,MotherHub_BLP_MotherHub_AMD,28.294382,76.856416,22.88998,72.594151,MotherHub_BLP,MotherHub_AMD,518
Shipments,MotherHub_IDR_MotherHub_MUM,22.768738,75.903691,19.080923,72.879793,MotherHub_IDR,MotherHub_MUM,2
Shipments,MotherHub_PUNE_MotherHub_MUM,18.607342,73.727015,19.080923,72.879793,MotherHub_PUNE,MotherHub_MUM,3
Shipments,MotherHub_DKN_MotherHub_PAT,22.740286,88.31672,25.585908,85.182063,MotherHub_DKN,MotherHub_PAT,480
Shipments,MotherHub_PTI_MotherHub_GAU,28.307612,76.81791,26.111505,91.772078,MotherHub_PTI,MotherHub_GAU,1711
Shipments,MotherHub_WTF_MotherHub_BNO,12.991207,77.808766,28.54532,77.029136,MotherHub_WTF,MotherHub_BNO,6
Shipments,MotherHub_PUNE_MotherHub_PTI,18.607342,73.727015,28.307612,76.81791,MotherHub_PUNE,MotherHub_PTI,97
Shipments,MotherHub_PTI_MotherHub_BNO,28.307612,76.81791,28.54532,77.029136,MotherHub_PTI,MotherHub_BNO,27
Shipments,MotherHub_KNG_MotherHub_IDR,13.063051,77.741323,22.768738,75.903691,MotherHub_KNG,MotherHub_IDR,123
Shipments,MotherHub_STV_MotherHub_KNG,21.088983,72.915352,13.063051,77.741323,MotherHub_STV,MotherHub_KNG,370
Shipments,MotherHub_PTD_MotherHub_MUM,28.300608,76.820188,19.080923,72.879793,MotherHub_PTD,MotherHub_MUM,5
Shipments,MotherHub_AMD_MotherHub_DEL,22.88998,72.594151,28.54912,77.131226,MotherHub_AMD,MotherHub_DEL,3
Shipments,MotherHub_WTF_MotherHub_KNG,12.991207,77.808766,13.063051,77.741323,MotherHub_WTF,MotherHub_KNG,209
Shipments,MotherHub_CHN_MotherHub_BAM,13.046088,80.069352,28.54532,77.029136,MotherHub_CHN,MotherHub_BAM,110
Shipments,MotherHub_KNG_MotherHub_ABL,13.063051,77.741323,30.39645,76.811665,MotherHub_KNG,MotherHub_ABL,11
Shipments,MotherHub_IDR_MotherHub_CJB,22.768738,75.903691,11.062704,77.090434,MotherHub_IDR,MotherHub_CJB,4
Shipments,MotherHub_DEL_MotherHub_JAI,28.54912,77.131226,26.948758,75.762015,MotherHub_DEL,MotherHub_JAI,430
Shipments,MotherHub_KNG_MotherHub_STV,13.063051,77.741323,21.088983,72.915352,MotherHub_KNG,MotherHub_STV,63
Shipments,MotherHub_BLP_MotherHub_ABL,28.294382,76.856416,30.39645,76.811665,MotherHub_BLP,MotherHub_ABL,53
Shipments,MotherHub_STV_MotherHub_BNO,21.088983,72.915352,28.54532,77.029136,MotherHub_STV,MotherHub_BNO,2
Shipments,MotherHub_PTD_MotherHub_IXR,28.300608,76.820188,23.349885,85.342528,MotherHub_PTD,MotherHub_IXR,21
Shipments,MotherHub_PZH_MotherHub_KNG,13.15093,80.199126,13.063051,77.741323,MotherHub_PZH,MotherHub_KNG,49
Shipments,MotherHub_DKN_MotherHub_KOL,22.740286,88.31672,22.693624,88.487686,MotherHub_DKN,MotherHub_KOL,1930
Shipments,MotherHub_PZH_MotherHub_AMD,13.15093,80.199126,22.88998,72.594151,MotherHub_PZH,MotherHub_AMD,156
Shipments,MotherHub_AMD_MotherHub_BAM,22.88998,72.594151,28.54532,77.029136,MotherHub_AMD,MotherHub_BAM,159
Shipments,MotherHub_BNO_MotherHub_PAT,28.54532,77.029136,25.585908,85.182063,MotherHub_BNO,MotherHub_PAT,496
Shipments,MotherHub_WTF_MotherHub_IDR,12.991207,77.808766,22.768738,75.903691,MotherHub_WTF,MotherHub_IDR,394
Shipments,MotherHub_BLP_MotherHub_JAI,28.294382,76.856416,26.948758,75.762015,MotherHub_BLP,MotherHub_JAI,813
Shipments,MotherHub_CHN_MotherHub_MUM,13.046088,80.069352,19.080923,72.879793,MotherHub_CHN,MotherHub_MUM,10
Shipments,MotherHub_PTD_MotherHub_STV,28.300608,76.820188,21.088983,72.915352,MotherHub_PTD,MotherHub_STV,10
Shipments,MotherHub_BHI_MotherHub_STV,19.238673,73.036094,21.088983,72.915352,MotherHub_BHI,MotherHub_STV,177
Shipments,MotherHub_BNO_MotherHub_IXR,28.54532,77.029136,23.349885,85.342528,MotherHub_BNO,MotherHub_IXR,219
Shipments,MotherHub_IDR_MotherHub_RAI,22.768738,75.903691,21.271957,81.635654,MotherHub_IDR,MotherHub_RAI,3
Shipments,MotherHub_KOL_MotherHub_PUNE,22.693624,88.487686,18.607342,73.727015,MotherHub_KOL,MotherHub_PUNE,120
Shipments,MotherHub_DEL_MotherHub_PUNE,28.54912,77.131226,18.607342,73.727015,MotherHub_DEL,MotherHub_PUNE,384
Shipments,MotherHub_CHN_MotherHub_DEL,13.046088,80.069352,28.54912,77.131226,MotherHub_CHN,MotherHub_DEL,3
Shipments,MotherHub_WTF_MotherHub_PUNE,12.991207,77.808766,18.607342,73.727015,MotherHub_WTF,MotherHub_PUNE,1327
Shipments,MotherHub_KNG_MotherHub_RAI,13.063051,77.741323,21.271957,81.635654,MotherHub_KNG,MotherHub_RAI,86
Shipments,MotherHub_BNO_MotherHub_CJB,28.54532,77.029136,11.062704,77.090434,MotherHub_BNO,MotherHub_CJB,180
Shipments,MotherHub_MED_MotherHub_PTI,17.580668,78.469767,28.307612,76.81791,MotherHub_MED,MotherHub_PTI,1069
Shipments,MotherHub_IDR_MotherHub_ABL,22.768738,75.903691,30.39645,76.811665,MotherHub_IDR,MotherHub_ABL,1
Shipments,MotherHub_BLP_MotherHub_CHN,28.294382,76.856416,13.046088,80.069352,MotherHub_BLP,MotherHub_CHN,345
Shipments,MotherHub_JAI_MotherHub_ABL,26.948758,75.762015,30.39645,76.811665,MotherHub_JAI,MotherHub_ABL,14
Shipments,MotherHub_STV_MotherHub_DEL,21.088983,72.915352,28.54912,77.131226,MotherHub_STV,MotherHub_DEL,8
Shipments,MotherHub_BHI_MotherHub_MUM,19.238673,73.036094,19.080923,72.879793,MotherHub_BHI,MotherHub_MUM,22
Shipments,MotherHub_DKN_MotherHub_IXR,22.740286,88.31672,23.349885,85.342528,MotherHub_DKN,MotherHub_IXR,247
Shipments,MotherHub_BNO_MotherHub_PTI,28.54532,77.029136,28.307612,76.81791,MotherHub_BNO,MotherHub_PTI,2
Shipments,MotherHub_AMD_MotherHub_PUNE,22.88998,72.594151,18.607342,73.727015,MotherHub_AMD,MotherHub_PUNE,189
Shipments,MotherHub_IXR_MotherHub_IDR,23.349885,85.342528,22.768738,75.903691,MotherHub_IXR,MotherHub_IDR,0
Shipments,MotherHub_WTF_MotherHub_RAI,12.991207,77.808766,21.271957,81.635654,MotherHub_WTF,MotherHub_RAI,227
Shipments,MotherHub_BLP_MotherHub_PTI,28.294382,76.856416,28.307612,76.81791,MotherHub_BLP,MotherHub_PTI,3358
Shipments,MotherHub_PTI_MotherHub_CJB,28.307612,76.81791,11.062704,77.090434,MotherHub_PTI,MotherHub_CJB,716
Shipments,MotherHub_WTF_MotherHub_MUM,12.991207,77.808766,19.080923,72.879793,MotherHub_WTF,MotherHub_MUM,689
Shipments,MotherHub_JAI_MotherHub_GAU,26.948758,75.762015,26.111505,91.772078,MotherHub_JAI,MotherHub_GAU,231
Shipments,MotherHub_AMD_MotherHub_CHN,22.88998,72.594151,13.046088,80.069352,MotherHub_AMD,MotherHub_CHN,86
Shipments,MotherHub_PTD_MotherHub_PTI,28.300608,76.820188,28.307612,76.81791,MotherHub_PTD,MotherHub_PTI,492
Shipments,MotherHub_WTF_MotherHub_ABL,12.991207,77.808766,30.39645,76.811665,MotherHub_WTF,MotherHub_ABL,40
Shipments,MotherHub_PUNE_MotherHub_GZB,18.607342,73.727015,28.681766,77.530593,MotherHub_PUNE,MotherHub_GZB,0
Shipments,MotherHub_BAM_MotherHub_KOL,28.54532,77.029136,22.693624,88.487686,MotherHub_BAM,MotherHub_KOL,0
Shipments,MotherHub_JAI_MotherHub_CHN,26.948758,75.762015,13.046088,80.069352,MotherHub_JAI,MotherHub_CHN,485
Shipments,MotherHub_KOL_MotherHub_MED,22.693624,88.487686,17.580668,78.469767,MotherHub_KOL,MotherHub_MED,169
Shipments,MotherHub_MED_MotherHub_ABL,17.580668,78.469767,30.39645,76.811665,MotherHub_MED,MotherHub_ABL,22
Shipments,MotherHub_BHI_MotherHub_IDR,19.238673,73.036094,22.768738,75.903691,MotherHub_BHI,MotherHub_IDR,105
Shipments,MotherHub_DKN_MotherHub_STV,22.740286,88.31672,21.088983,72.915352,MotherHub_DKN,MotherHub_STV,12
Shipments,MotherHub_PTI_MotherHub_AMD,28.307612,76.81791,22.88998,72.594151,MotherHub_PTI,MotherHub_AMD,2593
Shipments,MotherHub_KNG_MotherHub_KOL,13.063051,77.741323,22.693624,88.487686,MotherHub_KNG,MotherHub_KOL,806
Shipments,MotherHub_STV_MotherHub_ABL,21.088983,72.915352,30.39645,76.811665,MotherHub_STV,MotherHub_ABL,15
Shipments,MotherHub_JAI_MotherHub_BAM,26.948758,75.762015,28.54532,77.029136,MotherHub_JAI,MotherHub_BAM,657
Shipments,MotherHub_MED_MotherHub_DEL,17.580668,78.469767,28.54912,77.131226,MotherHub_MED,MotherHub_DEL,3
Shipments,MotherHub_STV_MotherHub_MUM,21.088983,72.915352,19.080923,72.879793,MotherHub_STV,MotherHub_MUM,14
Shipments,MotherHub_BHI_MotherHub_KNG,19.238673,73.036094,13.063051,77.741323,MotherHub_BHI,MotherHub_KNG,165
Shipments,MotherHub_BHI_MotherHub_KOL,19.238673,73.036094,22.693624,88.487686,MotherHub_BHI,MotherHub_KOL,397
Shipments,Motherhub_JIG_MotherHub_GAU,12.783553,77.644351,26.111505,91.772078,Motherhub_JIG,MotherHub_GAU,10
Shipments,MotherHub_BHI_MotherHub_CJB,19.238673,73.036094,11.062704,77.090434,MotherHub_BHI,MotherHub_CJB,75
Shipments,MotherHub_AMD_MotherHub_KNG,22.88998,72.594151,13.063051,77.741323,MotherHub_AMD,MotherHub_KNG,75
Shipments,MotherHub_IXR_MotherHub_PTI,23.349885,85.342528,28.307612,76.81791,MotherHub_IXR,MotherHub_PTI,0
Shipments,MotherHub_DKN_MotherHub_MUM,22.740286,88.31672,19.080923,72.879793,MotherHub_DKN,MotherHub_MUM,11
Shipments,MotherHub_KNG_MotherHub_DEL,13.063051,77.741323,28.54912,77.131226,MotherHub_KNG,MotherHub_DEL,5
Shipments,MotherHub_JAI_MotherHub_RAI,26.948758,75.762015,21.271957,81.635654,MotherHub_JAI,MotherHub_RAI,70
Shipments,MotherHub_MED_MotherHub_PUNE,17.580668,78.469767,18.607342,73.727015,MotherHub_MED,MotherHub_PUNE,1311
Shipments,MotherHub_DKN_MotherHub_CHN,22.740286,88.31672,13.046088,80.069352,MotherHub_DKN,MotherHub_CHN,134
Shipments,MotherHub_WTF_MotherHub_STV,12.991207,77.808766,21.088983,72.915352,MotherHub_WTF,MotherHub_STV,81
Shipments,MotherHub_BHI_MotherHub_MED,19.238673,73.036094,17.580668,78.469767,MotherHub_BHI,MotherHub_MED,287
Shipments,MotherHub_PTI_MotherHub_CHN,28.307612,76.81791,13.046088,80.069352,MotherHub_PTI,MotherHub_CHN,3740
Shipments,MotherHub_WTF_MotherHub_MED,12.991207,77.808766,17.580668,78.469767,MotherHub_WTF,MotherHub_MED,2295
Shipments,MotherHub_PTI_MotherHub_BAM,28.307612,76.81791,28.54532,77.029136,MotherHub_PTI,MotherHub_BAM,338
Shipments,MotherHub_DKN_MotherHub_ABL,22.740286,88.31672,30.39645,76.811665,MotherHub_DKN,MotherHub_ABL,3
Shipments,MotherHub_BLP_MotherHub_MED,28.294382,76.856416,17.580668,78.469767,MotherHub_BLP,MotherHub_MED,529
Shipments,MotherHub_PTD_MotherHub_PUNE,28.300608,76.820188,18.607342,73.727015,MotherHub_PTD,MotherHub_PUNE,61
Shipments,MotherHub_PUNE_MotherHub_BAM,18.607342,73.727015,28.54532,77.029136,MotherHub_PUNE,MotherHub_BAM,92
Shipments,MotherHub_IXR_MotherHub_STV,23.349885,85.342528,21.088983,72.915352,MotherHub_IXR,MotherHub_STV,0
Shipments,MotherHub_DEL_MotherHub_IDR,28.54912,77.131226,22.768738,75.903691,MotherHub_DEL,MotherHub_IDR,249
Shipments,MotherHub_AMD_MotherHub_ABL,22.88998,72.594151,30.39645,76.811665,MotherHub_AMD,MotherHub_ABL,3
Shipments,MotherHub_STV_MotherHub_GAU,21.088983,72.915352,26.111505,91.772078,MotherHub_STV,MotherHub_GAU,299
Shipments,MotherHub_DKN_MotherHub_RAI,22.740286,88.31672,21.271957,81.635654,MotherHub_DKN,MotherHub_RAI,42
Shipments,MotherHub_BLP_MotherHub_BAM,28.294382,76.856416,28.54532,77.029136,MotherHub_BLP,MotherHub_BAM,2755
Shipments,MotherHub_KOL_MotherHub_IXR,22.693624,88.487686,23.349885,85.342528,MotherHub_KOL,MotherHub_IXR,96
Shipments,MotherHub_AMD_MotherHub_STV,22.88998,72.594151,21.088983,72.915352,MotherHub_AMD,MotherHub_STV,20
Shipments,MotherHub_PZH_MotherHub_IDR,13.15093,80.199126,22.768738,75.903691,MotherHub_PZH,MotherHub_IDR,62
Shipments,MotherHub_DEL_MotherHub_KNG,28.54912,77.131226,13.063051,77.741323,MotherHub_DEL,MotherHub_KNG,150
Shipments,MotherHub_PTI_MotherHub_MED,28.307612,76.81791,17.580668,78.469767,MotherHub_PTI,MotherHub_MED,4329
Shipments,MotherHub_MED_MotherHub_BAM,17.580668,78.469767,28.54532,77.029136,MotherHub_MED,MotherHub_BAM,1672
Shipments,MotherHub_PTD_MotherHub_CHN,28.300608,76.820188,13.046088,80.069352,MotherHub_PTD,MotherHub_CHN,47
Shipments,MotherHub_BNO_MotherHub_STV,28.54532,77.029136,21.088983,72.915352,MotherHub_BNO,MotherHub_STV,147
Shipments,MotherHub_STV_MotherHub_IXR,21.088983,72.915352,23.349885,85.342528,MotherHub_STV,MotherHub_IXR,226
Shipments,MotherHub_AMD_MotherHub_PAT,22.88998,72.594151,25.585908,85.182063,MotherHub_AMD,MotherHub_PAT,56
Shipments,MotherHub_CHN_MotherHub_ABL,13.046088,80.069352,30.39645,76.811665,MotherHub_CHN,MotherHub_ABL,2
Shipments,MotherHub_BAM_MotherHub_MED,28.54532,77.029136,17.580668,78.469767,MotherHub_BAM,MotherHub_MED,0
Shipments,MotherHub_CHN_MotherHub_KOL,13.046088,80.069352,22.693624,88.487686,MotherHub_CHN,MotherHub_KOL,180
Shipments,MotherHub_PZH_MotherHub_KOL,13.15093,80.199126,22.693624,88.487686,MotherHub_PZH,MotherHub_KOL,291
Shipments,MotherHub_DEL_MotherHub_RAI,28.54912,77.131226,21.271957,81.635654,MotherHub_DEL,MotherHub_RAI,157
Shipments,MotherHub_KOL_MotherHub_MUM,22.693624,88.487686,19.080923,72.879793,MotherHub_KOL,MotherHub_MUM,14
Shipments,MotherHub_JAI_MotherHub_PUNE,26.948758,75.762015,18.607342,73.727015,MotherHub_JAI,MotherHub_PUNE,339
Shipments,MotherHub_JAI_MotherHub_KNG,26.948758,75.762015,13.063051,77.741323,MotherHub_JAI,MotherHub_KNG,82
Shipments,MotherHub_AMD_MotherHub_BNO,22.88998,72.594151,28.54532,77.029136,MotherHub_AMD,MotherHub_BNO,0
Shipments,MotherHub_DEL_MotherHub_AMD,28.54912,77.131226,22.88998,72.594151,MotherHub_DEL,MotherHub_AMD,455
Shipments,MotherHub_MED_MotherHub_JAI,17.580668,78.469767,26.948758,75.762015,MotherHub_MED,MotherHub_JAI,392
Shipments,MotherHub_STV_MotherHub_IDR,21.088983,72.915352,22.768738,75.903691,MotherHub_STV,MotherHub_IDR,215
Shipments,MotherHub_PTD_MotherHub_KNG,28.300608,76.820188,13.063051,77.741323,MotherHub_PTD,MotherHub_KNG,13
Shipments,MotherHub_PUNE_MotherHub_KNG,18.607342,73.727015,13.063051,77.741323,MotherHub_PUNE,MotherHub_KNG,44
Shipments,MotherHub_DEL_MotherHub_BAM,28.54912,77.131226,28.54532,77.029136,MotherHub_DEL,MotherHub_BAM,1943
Shipments,MotherHub_BLP_MotherHub_DEL,28.294382,76.856416,28.54912,77.131226,MotherHub_BLP,MotherHub_DEL,0
Shipments,MotherHub_WTF_MotherHub_CJB,12.991207,77.808766,11.062704,77.090434,MotherHub_WTF,MotherHub_CJB,445
Shipments,MotherHub_KNG_MotherHub_JAI,13.063051,77.741323,26.948758,75.762015,MotherHub_KNG,MotherHub_JAI,200
Shipments,MotherHub_KOL_MotherHub_AMD,22.693624,88.487686,22.88998,72.594151,MotherHub_KOL,MotherHub_AMD,65
Shipments,MotherHub_BAM_MotherHub_PAT,28.54532,77.029136,25.585908,85.182063,MotherHub_BAM,MotherHub_PAT,0
Shipments,MotherHub_BAM_MotherHub_ABL,28.54532,77.029136,30.39645,76.811665,MotherHub_BAM,MotherHub_ABL,0
Shipments,MotherHub_BHI_MotherHub_DEL,19.238673,73.036094,28.54912,77.131226,MotherHub_BHI,MotherHub_DEL,62
Shipments,MotherHub_PTD_MotherHub_GAU,28.300608,76.820188,26.111505,91.772078,MotherHub_PTD,MotherHub_GAU,25
Shipments,MotherHub_DKN_MotherHub_BAM,22.740286,88.31672,28.54532,77.029136,MotherHub_DKN,MotherHub_BAM,143
Shipments,MotherHub_KNG_MotherHub_CHN,13.063051,77.741323,13.046088,80.069352,MotherHub_KNG,MotherHub_CHN,746
Shipments,MotherHub_CHN_MotherHub_IXR,13.046088,80.069352,23.349885,85.342528,MotherHub_CHN,MotherHub_IXR,27
Shipments,MotherHub_KOL_MotherHub_BNO,22.693624,88.487686,28.54532,77.029136,MotherHub_KOL,MotherHub_BNO,2
Shipments,MotherHub_KNG_MotherHub_GAU,13.063051,77.741323,26.111505,91.772078,MotherHub_KNG,MotherHub_GAU,249
Shipments,MotherHub_CHN_MotherHub_BNO,13.046088,80.069352,28.54532,77.029136,MotherHub_CHN,MotherHub_BNO,1
Shipments,MotherHub_BHI_MotherHub_PAT,19.238673,73.036094,25.585908,85.182063,MotherHub_BHI,MotherHub_PAT,155
Shipments,MotherHub_KNG_MotherHub_IXR,13.063051,77.741323,23.349885,85.342528,MotherHub_KNG,MotherHub_IXR,139
Shipments,MotherHub_BLP_MotherHub_GZB,28.294382,76.856416,28.681766,77.530593,MotherHub_BLP,MotherHub_GZB,4
Shipments,MotherHub_KNG_MotherHub_AMD,13.063051,77.741323,22.88998,72.594151,MotherHub_KNG,MotherHub_AMD,301
Shipments,MotherHub_DKN_MotherHub_CJB,22.740286,88.31672,11.062704,77.090434,MotherHub_DKN,MotherHub_CJB,19
Shipments,MotherHub_JAI_MotherHub_CJB,26.948758,75.762015,11.062704,77.090434,MotherHub_JAI,MotherHub_CJB,106
Shipments,Motherhub_JIG_MotherHub_BNO,12.783553,77.644351,28.54532,77.029136,Motherhub_JIG,MotherHub_BNO,0
Shipments,MotherHub_GZB_MotherHub_BNO,28.681766,77.530593,28.54532,77.029136,MotherHub_GZB,MotherHub_BNO,0
Shipments,MotherHub_PUNE_MotherHub_AMD,18.607342,73.727015,22.88998,72.594151,MotherHub_PUNE,MotherHub_AMD,68
Shipments,MotherHub_MED_MotherHub_CHN,17.580668,78.469767,13.046088,80.069352,MotherHub_MED,MotherHub_CHN,1323
Shipments,MotherHub_BNO_MotherHub_BAM,28.54532,77.029136,28.54532,77.029136,MotherHub_BNO,MotherHub_BAM,1
Shipments,MotherHub_PTD_MotherHub_ABL,28.300608,76.820188,30.39645,76.811665,MotherHub_PTD,MotherHub_ABL,9
Shipments,MotherHub_KNG_MotherHub_GZB,13.063051,77.741323,28.681766,77.530593,MotherHub_KNG,MotherHub_GZB,2
Shipments,MotherHub_BHI_MotherHub_ABL,19.238673,73.036094,30.39645,76.811665,MotherHub_BHI,MotherHub_ABL,9
Shipments,MotherHub_KNG_MotherHub_MED,13.063051,77.741323,17.580668,78.469767,MotherHub_KNG,MotherHub_MED,1211
Shipments,MotherHub_PTD_MotherHub_RAI,28.300608,76.820188,21.271957,81.635654,MotherHub_PTD,MotherHub_RAI,20
Shipments,MotherHub_BHI_MotherHub_GZB,19.238673,73.036094,28.681766,77.530593,MotherHub_BHI,MotherHub_GZB,1
Shipments,MotherHub_DEL_MotherHub_STV,28.54912,77.131226,21.088983,72.915352,MotherHub_DEL,MotherHub_STV,87
Shipments,MotherHub_PZH_MotherHub_MUM,13.15093,80.199126,19.080923,72.879793,MotherHub_PZH,MotherHub_MUM,142
Shipments,MotherHub_BNO_MotherHub_KOL,28.54532,77.029136,22.693624,88.487686,MotherHub_BNO,MotherHub_KOL,1450
Shipments,MotherHub_CHN_MotherHub_CJB,13.046088,80.069352,11.062704,77.090434,MotherHub_CHN,MotherHub_CJB,56
Shipments,Motherhub_JIG_MotherHub_IXR,12.783553,77.644351,23.349885,85.342528,Motherhub_JIG,MotherHub_IXR,6
Shipments,MotherHub_JAI_MotherHub_PTI,26.948758,75.762015,28.307612,76.81791,MotherHub_JAI,MotherHub_PTI,886
Shipments,MotherHub_KNG_MotherHub_MUM,13.063051,77.741323,19.080923,72.879793,MotherHub_KNG,MotherHub_MUM,121
Shipments,MotherHub_PUNE_MotherHub_DEL,18.607342,73.727015,28.54912,77.131226,MotherHub_PUNE,MotherHub_DEL,0
Shipments,MotherHub_DKN_MotherHub_IDR,22.740286,88.31672,22.768738,75.903691,MotherHub_DKN,MotherHub_IDR,26
Shipments,Motherhub_JIG_MotherHub_PUNE,12.783553,77.644351,18.607342,73.727015,Motherhub_JIG,MotherHub_PUNE,44
Shipments,MotherHub_BLP_MotherHub_STV,28.294382,76.856416,21.088983,72.915352,MotherHub_BLP,MotherHub_STV,77
Shipments,MotherHub_IDR_MotherHub_CHN,22.768738,75.903691,13.046088,80.069352,MotherHub_IDR,MotherHub_CHN,14
Shipments,MotherHub_PTI_MotherHub_PAT,28.307612,76.81791,25.585908,85.182063,MotherHub_PTI,MotherHub_PAT,1991
Shipments,MotherHub_CHN_MotherHub_KNG,13.046088,80.069352,13.063051,77.741323,MotherHub_CHN,MotherHub_KNG,33
Shipments,MotherHub_GZB_MotherHub_PTI,28.681766,77.530593,28.307612,76.81791,MotherHub_GZB,MotherHub_PTI,3
Shipments,MotherHub_BHI_MotherHub_PUNE,19.238673,73.036094,18.607342,73.727015,MotherHub_BHI,MotherHub_PUNE,1604
Shipments,MotherHub_CHN_MotherHub_STV,13.046088,80.069352,21.088983,72.915352,MotherHub_CHN,MotherHub_STV,15
Shipments,MotherHub_BNO_MotherHub_JAI,28.54532,77.029136,26.948758,75.762015,MotherHub_BNO,MotherHub_JAI,0
Shipments,MotherHub_KOL_MotherHub_JAI,22.693624,88.487686,26.948758,75.762015,MotherHub_KOL,MotherHub_JAI,49
Shipments,MotherHub_DEL_MotherHub_CHN,28.54912,77.131226,13.046088,80.069352,MotherHub_DEL,MotherHub_CHN,388
Shipments,MotherHub_BAM_MotherHub_GZB,28.54532,77.029136,28.681766,77.530593,MotherHub_BAM,MotherHub_GZB,24
Shipments,MotherHub_CHN_MotherHub_PAT,13.046088,80.069352,25.585908,85.182063,MotherHub_CHN,MotherHub_PAT,62
Shipments,MotherHub_CHN_MotherHub_GZB,13.046088,80.069352,28.681766,77.530593,MotherHub_CHN,MotherHub_GZB,0
Shipments,MotherHub_CHN_MotherHub_GAU,13.046088,80.069352,26.111505,91.772078,MotherHub_CHN,MotherHub_GAU,59
Shipments,MotherHub_WTF_MotherHub_IXR,12.991207,77.808766,23.349885,85.342528,MotherHub_WTF,MotherHub_IXR,227
Shipments,MotherHub_DEL_MotherHub_IXR,28.54912,77.131226,23.349885,85.342528,MotherHub_DEL,MotherHub_IXR,135
Shipments,MotherHub_STV_MotherHub_JAI,21.088983,72.915352,26.948758,75.762015,MotherHub_STV,MotherHub_JAI,259
Shipments,MotherHub_BLP_MotherHub_PAT,28.294382,76.856416,25.585908,85.182063,MotherHub_BLP,MotherHub_PAT,602
Shipments,MotherHub_GZB_MotherHub_BAM,28.681766,77.530593,28.54532,77.029136,MotherHub_GZB,MotherHub_BAM,156
Shipments,MotherHub_CHN_MotherHub_PTI,13.046088,80.069352,28.307612,76.81791,MotherHub_CHN,MotherHub_PTI,140
Shipments,MotherHub_MED_MotherHub_BNO,17.580668,78.469767,28.54532,77.029136,MotherHub_MED,MotherHub_BNO,4
Shipments,MotherHub_DKN_MotherHub_MED,22.740286,88.31672,17.580668,78.469767,MotherHub_DKN,MotherHub_MED,194
Shipments,MotherHub_MED_MotherHub_GAU,17.580668,78.469767,26.111505,91.772078,MotherHub_MED,MotherHub_GAU,311
Shipments,MotherHub_KNG_MotherHub_PUNE,13.063051,77.741323,18.607342,73.727015,MotherHub_KNG,MotherHub_PUNE,538
Shipments,MotherHub_CHN_MotherHub_AMD,13.046088,80.069352,22.88998,72.594151,MotherHub_CHN,MotherHub_AMD,71
Shipments,MotherHub_KOL_MotherHub_KNG,22.693624,88.487686,13.063051,77.741323,MotherHub_KOL,MotherHub_KNG,34
Shipments,MotherHub_BLP_MotherHub_PUNE,28.294382,76.856416,18.607342,73.727015,MotherHub_BLP,MotherHub_PUNE,433
Shipments,MotherHub_MED_MotherHub_CJB,17.580668,78.469767,11.062704,77.090434,MotherHub_MED,MotherHub_CJB,418
Shipments,MotherHub_KOL_MotherHub_STV,22.693624,88.487686,21.088983,72.915352,MotherHub_KOL,MotherHub_STV,15
Shipments,MotherHub_MED_MotherHub_AMD,17.580668,78.469767,22.88998,72.594151,MotherHub_MED,MotherHub_AMD,642
Shipments,MotherHub_IDR_MotherHub_KOL,22.768738,75.903691,22.693624,88.487686,MotherHub_IDR,MotherHub_KOL,29
Shipments,MotherHub_PTI_MotherHub_MUM,28.307612,76.81791,19.080923,72.879793,MotherHub_PTI,MotherHub_MUM,108
Shipments,MotherHub_JAI_MotherHub_IXR,26.948758,75.762015,23.349885,85.342528,MotherHub_JAI,MotherHub_IXR,106
Shipments,MotherHub_BAM_MotherHub_PTI,28.54532,77.029136,28.307612,76.81791,MotherHub_BAM,MotherHub_PTI,206
Shipments,Motherhub_JIG_MotherHub_KNG,12.783553,77.644351,13.063051,77.741323,Motherhub_JIG,MotherHub_KNG,22
Shipments,MotherHub_KOL_MotherHub_GAU,22.693624,88.487686,26.111505,91.772078,MotherHub_KOL,MotherHub_GAU,168
Shipments,MotherHub_IXR_MotherHub_BAM,23.349885,85.342528,28.54532,77.029136,MotherHub_IXR,MotherHub_BAM,0
Shipments,MotherHub_DEL_MotherHub_GAU,28.54912,77.131226,26.111505,91.772078,MotherHub_DEL,MotherHub_GAU,178
Shipments,MotherHub_BNO_MotherHub_GAU,28.54532,77.029136,26.111505,91.772078,MotherHub_BNO,MotherHub_GAU,826
Shipments,MotherHub_BAM_MotherHub_JAI,28.54532,77.029136,26.948758,75.762015,MotherHub_BAM,MotherHub_JAI,0
Shipments,MotherHub_CHN_MotherHub_RAI,13.046088,80.069352,21.271957,81.635654,MotherHub_CHN,MotherHub_RAI,17
Shipments,MotherHub_BNO_MotherHub_MUM,28.54532,77.029136,19.080923,72.879793,MotherHub_BNO,MotherHub_MUM,651
Shipments,MotherHub_BNO_MotherHub_PUNE,28.54532,77.029136,18.607342,73.727015,MotherHub_BNO,MotherHub_PUNE,1148
Shipments,Motherhub_JIG_MotherHub_CJB,12.783553,77.644351,11.062704,77.090434,Motherhub_JIG,MotherHub_CJB,47
Shipments,MotherHub_BNO_MotherHub_KNG,28.54532,77.029136,13.063051,77.741323,MotherHub_BNO,MotherHub_KNG,332
Shipments,MotherHub_MED_MotherHub_IDR,17.580668,78.469767,22.768738,75.903691,MotherHub_MED,MotherHub_IDR,258
Shipments,MotherHub_AMD_MotherHub_GAU,22.88998,72.594151,26.111505,91.772078,MotherHub_AMD,MotherHub_GAU,54
Shipments,MotherHub_PUNE_MotherHub_RAI,18.607342,73.727015,21.271957,81.635654,MotherHub_PUNE,MotherHub_RAI,10
Shipments,MotherHub_PTI_MotherHub_GZB,28.307612,76.81791,28.681766,77.530593,MotherHub_PTI,MotherHub_GZB,1
Shipments,MotherHub_BLP_MotherHub_IDR,28.294382,76.856416,22.768738,75.903691,MotherHub_BLP,MotherHub_IDR,407
Shipments,MotherHub_PUNE_MotherHub_CHN,18.607342,73.727015,13.046088,80.069352,MotherHub_PUNE,MotherHub_CHN,51
Shipments,MotherHub_IDR_MotherHub_DEL,22.768738,75.903691,28.54912,77.131226,MotherHub_IDR,MotherHub_DEL,0
Shipments,MotherHub_CHN_MotherHub_MED,13.046088,80.069352,17.580668,78.469767,MotherHub_CHN,MotherHub_MED,296
Shipments,MotherHub_BNO_MotherHub_IDR,28.54532,77.029136,22.768738,75.903691,MotherHub_BNO,MotherHub_IDR,0
Shipments,Motherhub_JIG_MotherHub_CHN,12.783553,77.644351,13.046088,80.069352,Motherhub_JIG,MotherHub_CHN,185
Shipments,MotherHub_KNG_MotherHub_BNO,13.063051,77.741323,28.54532,77.029136,MotherHub_KNG,MotherHub_BNO,3
Shipments,Motherhub_JIG_MotherHub_RAI,12.783553,77.644351,21.271957,81.635654,Motherhub_JIG,MotherHub_RAI,5
Shipments,MotherHub_JAI_MotherHub_STV,26.948758,75.762015,21.088983,72.915352,MotherHub_JAI,MotherHub_STV,45
Shipments,MotherHub_IDR_MotherHub_PTI,22.768738,75.903691,28.307612,76.81791,MotherHub_IDR,MotherHub_PTI,41
Shipments,MotherHub_IDR_MotherHub_BNO,22.768738,75.903691,28.54532,77.029136,MotherHub_IDR,MotherHub_BNO,0
Shipments,MotherHub_MED_MotherHub_PZH,17.580668,78.469767,13.15093,80.199126,MotherHub_MED,MotherHub_PZH,0
Shipments,Motherhub_JIG_MotherHub_MED,12.783553,77.644351,17.580668,78.469767,Motherhub_JIG,MotherHub_MED,189
Shipments,Motherhub_JIG_MotherHub_PTI,12.783553,77.644351,28.307612,76.81791,Motherhub_JIG,MotherHub_PTI,42
Shipments,MotherHub_PUNE_MotherHub_ABL,18.607342,73.727015,30.39645,76.811665,MotherHub_PUNE,MotherHub_ABL,2
Shipments,Motherhub_JIG_MotherHub_DEL,12.783553,77.644351,28.54912,77.131226,Motherhub_JIG,MotherHub_DEL,1
Shipments,MotherHub_KOL_MotherHub_GZB,22.693624,88.487686,28.681766,77.530593,MotherHub_KOL,MotherHub_GZB,0
Shipments,MotherHub_BNO_MotherHub_MED,28.54532,77.029136,17.580668,78.469767,MotherHub_BNO,MotherHub_MED,1478
Shipments,MotherHub_IDR_MotherHub_AMD,22.768738,75.903691,22.88998,72.594151,MotherHub_IDR,MotherHub_AMD,7
Shipments,MotherHub_KOL_MotherHub_CHN,22.693624,88.487686,13.046088,80.069352,MotherHub_KOL,MotherHub_CHN,139
Shipments,MotherHub_PTI_MotherHub_IXR,28.307612,76.81791,23.349885,85.342528,MotherHub_PTI,MotherHub_IXR,905
Shipments,MotherHub_IDR_MotherHub_STV,22.768738,75.903691,21.088983,72.915352,MotherHub_IDR,MotherHub_STV,2
Shipments,Motherhub_JIG_MotherHub_STV,12.783553,77.644351,21.088983,72.915352,Motherhub_JIG,MotherHub_STV,4
Shipments,MotherHub_PTD_MotherHub_KOL,28.300608,76.820188,22.693624,88.487686,MotherHub_PTD,MotherHub_KOL,44
Shipments,MotherHub_DEL_MotherHub_PTI,28.54912,77.131226,28.307612,76.81791,MotherHub_DEL,MotherHub_PTI,1439
Shipments,MotherHub_STV_MotherHub_PTI,21.088983,72.915352,28.307612,76.81791,MotherHub_STV,MotherHub_PTI,1327
Shipments,MotherHub_PTI_MotherHub_PUNE,28.307612,76.81791,18.607342,73.727015,MotherHub_PTI,MotherHub_PUNE,3374
Shipments,MotherHub_AMD_MotherHub_IXR,22.88998,72.594151,23.349885,85.342528,MotherHub_AMD,MotherHub_IXR,30
Shipments,Motherhub_JIG_MotherHub_KOL,12.783553,77.644351,22.693624,88.487686,Motherhub_JIG,MotherHub_KOL,31
Shipments,MotherHub_MED_MotherHub_IXR,17.580668,78.469767,23.349885,85.342528,MotherHub_MED,MotherHub_IXR,194
Shipments,MotherHub_PTI_MotherHub_RAI,28.307612,76.81791,21.271957,81.635654,MotherHub_PTI,MotherHub_RAI,713
Shipments,MotherHub_STV_MotherHub_AMD,21.088983,72.915352,22.88998,72.594151,MotherHub_STV,MotherHub_AMD,301
Shipments,MotherHub_PZH_MotherHub_BAM,13.15093,80.199126,28.54532,77.029136,MotherHub_PZH,MotherHub_BAM,443
Shipments,MotherHub_PZH_MotherHub_CHN,13.15093,80.199126,13.046088,80.069352,MotherHub_PZH,MotherHub_CHN,616
Shipments,Motherhub_JIG_MotherHub_BAM,12.783553,77.644351,28.54532,77.029136,Motherhub_JIG,MotherHub_BAM,39
Shipments,MotherHub_STV_MotherHub_GZB,21.088983,72.915352,28.681766,77.530593,MotherHub_STV,MotherHub_GZB,3
Shipments,MotherHub_MED_MotherHub_STV,17.580668,78.469767,21.088983,72.915352,MotherHub_MED,MotherHub_STV,131
Shipments,MotherHub_PZH_MotherHub_PUNE,13.15093,80.199126,18.607342,73.727015,MotherHub_PZH,MotherHub_PUNE,238
Shipments,MotherHub_DKN_MotherHub_KNG,22.740286,88.31672,13.063051,77.741323,MotherHub_DKN,MotherHub_KNG,28
Shipments,MotherHub_WTF_MotherHub_PAT,12.991207,77.808766,25.585908,85.182063,MotherHub_WTF,MotherHub_PAT,300
Shipments,MotherHub_WTF_MotherHub_GZB,12.991207,77.808766,28.681766,77.530593,MotherHub_WTF,MotherHub_GZB,1
Shipments,MotherHub_DEL_MotherHub_MED,28.54912,77.131226,17.580668,78.469767,MotherHub_DEL,MotherHub_MED,435
Shipments,MotherHub_PTD_MotherHub_BAM,28.300608,76.820188,28.54532,77.029136,MotherHub_PTD,MotherHub_BAM,562
Shipments,MotherHub_PTI_MotherHub_STV,28.307612,76.81791,21.088983,72.915352,MotherHub_PTI,MotherHub_STV,364
Shipments,MotherHub_BAM_MotherHub_IXR,28.54532,77.029136,23.349885,85.342528,MotherHub_BAM,MotherHub_IXR,0
Shipments,MotherHub_MED_MotherHub_RAI,17.580668,78.469767,21.271957,81.635654,MotherHub_MED,MotherHub_RAI,156
Shipments,MotherHub_IDR_MotherHub_GZB,22.768738,75.903691,28.681766,77.530593,MotherHub_IDR,MotherHub_GZB,0
Shipments,MotherHub_JAI_MotherHub_AMD,26.948758,75.762015,22.88998,72.594151,MotherHub_JAI,MotherHub_AMD,236
Shipments,MotherHub_PTD_MotherHub_BNO,28.300608,76.820188,28.54532,77.029136,MotherHub_PTD,MotherHub_BNO,3
Shipments,MotherHub_DEL_MotherHub_CJB,28.54912,77.131226,11.062704,77.090434,MotherHub_DEL,MotherHub_CJB,90
Shipments,MotherHub_JAI_MotherHub_BNO,26.948758,75.762015,28.54532,77.029136,MotherHub_JAI,MotherHub_BNO,3
Shipments,MotherHub_JAI_MotherHub_DEL,26.948758,75.762015,28.54912,77.131226,MotherHub_JAI,MotherHub_DEL,4
Shipments,MotherHub_PTD_MotherHub_GZB,28.300608,76.820188,28.681766,77.530593,MotherHub_PTD,MotherHub_GZB,1
Shipments,MotherHub_BHI_MotherHub_RAI,19.238673,73.036094,21.271957,81.635654,MotherHub_BHI,MotherHub_RAI,67
Shipments,MotherHub_BHI_MotherHub_BNO,19.238673,73.036094,28.54532,77.029136,MotherHub_BHI,MotherHub_BNO,2
Shipments,MotherHub_CHN_MotherHub_IDR,13.046088,80.069352,22.768738,75.903691,MotherHub_CHN,MotherHub_IDR,22
Shipments,MotherHub_BLP_MotherHub_RAI,28.294382,76.856416,21.271957,81.635654,MotherHub_BLP,MotherHub_RAI,227
Shipments,MotherHub_DKN_MotherHub_AMD,22.740286,88.31672,22.88998,72.594151,MotherHub_DKN,MotherHub_AMD,51
Shipments,MotherHub_PZH_MotherHub_STV,13.15093,80.199126,21.088983,72.915352,MotherHub_PZH,MotherHub_STV,27
Shipments,MotherHub_BNO_MotherHub_RAI,28.54532,77.029136,21.271957,81.635654,MotherHub_BNO,MotherHub_RAI,117
Shipments,MotherHub_DEL_MotherHub_PAT,28.54912,77.131226,25.585908,85.182063,MotherHub_DEL,MotherHub_PAT,331
Shipments,MotherHub_BAM_MotherHub_DEL,28.54532,77.029136,28.54912,77.131226,MotherHub_BAM,MotherHub_DEL,78
Shipments,Motherhub_JIG_MotherHub_ABL,12.783553,77.644351,30.39645,76.811665,Motherhub_JIG,MotherHub_ABL,1
Shipments,MotherHub_PUNE_MotherHub_IDR,18.607342,73.727015,22.768738,75.903691,MotherHub_PUNE,MotherHub_IDR,15
Shipments,MotherHub_AMD_MotherHub_CJB,22.88998,72.594151,11.062704,77.090434,MotherHub_AMD,MotherHub_CJB,27
Shipments,MotherHub_BAM_MotherHub_PUNE,28.54532,77.029136,18.607342,73.727015,MotherHub_BAM,MotherHub_PUNE,0
Shipments,MotherHub_KOL_MotherHub_CJB,22.693624,88.487686,11.062704,77.090434,MotherHub_KOL,MotherHub_CJB,23
Shipments,MotherHub_MED_MotherHub_GZB,17.580668,78.469767,28.681766,77.530593,MotherHub_MED,MotherHub_GZB,2
Shipments,MotherHub_PZH_MotherHub_RAI,13.15093,80.199126,21.271957,81.635654,MotherHub_PZH,MotherHub_RAI,31
Shipments,MotherHub_PZH_MotherHub_ABL,13.15093,80.199126,30.39645,76.811665,MotherHub_PZH,MotherHub_ABL,5
Shipments,MotherHub_STV_MotherHub_CHN,21.088983,72.915352,13.046088,80.069352,MotherHub_STV,MotherHub_CHN,346
Shipments,MotherHub_JAI_MotherHub_MED,26.948758,75.762015,17.580668,78.469767,MotherHub_JAI,MotherHub_MED,472
Shipments,MotherHub_DKN_MotherHub_GAU,22.740286,88.31672,26.111505,91.772078,MotherHub_DKN,MotherHub_GAU,373
Shipments,MotherHub_IXR_MotherHub_PAT,23.349885,85.342528,25.585908,85.182063,MotherHub_IXR,MotherHub_PAT,90
Shipments,MotherHub_BHI_MotherHub_CHN,19.238673,73.036094,13.046088,80.069352,MotherHub_BHI,MotherHub_CHN,276
Shipments,MotherHub_BHI_MotherHub_JAI,19.238673,73.036094,26.948758,75.762015,MotherHub_BHI,MotherHub_JAI,169
Shipments,MotherHub_AMD_MotherHub_RAI,22.88998,72.594151,21.271957,81.635654,MotherHub_AMD,MotherHub_RAI,19
Shipments,MotherHub_JAI_MotherHub_GZB,26.948758,75.762015,28.681766,77.530593,MotherHub_JAI,MotherHub_GZB,2
Shipments,MotherHub_DKN_MotherHub_PUNE,22.740286,88.31672,18.607342,73.727015,MotherHub_DKN,MotherHub_PUNE,89
Shipments,MotherHub_BLP_MotherHub_CJB,28.294382,76.856416,11.062704,77.090434,MotherHub_BLP,MotherHub_CJB,69
Shipments,MotherHub_PZH_MotherHub_MED,13.15093,80.199126,17.580668,78.469767,MotherHub_PZH,MotherHub_MED,419
Shipments,MotherHub_STV_MotherHub_PAT,21.088983,72.915352,25.585908,85.182063,MotherHub_STV,MotherHub_PAT,445
Shipments,MotherHub_WTF_MotherHub_BAM,12.991207,77.808766,28.54532,77.029136,MotherHub_WTF,MotherHub_BAM,2692
Shipments,MotherHub_IXR_MotherHub_KOL,23.349885,85.342528,22.693624,88.487686,MotherHub_IXR,MotherHub_KOL,0
Shipments,MotherHub_JAI_MotherHub_KOL,26.948758,75.762015,22.693624,88.487686,MotherHub_JAI,MotherHub_KOL,655
Shipments,MotherHub_WTF_MotherHub_AMD,12.991207,77.808766,22.88998,72.594151,MotherHub_WTF,MotherHub_AMD,475
Shipments,MotherHub_KOL_MotherHub_BAM,22.693624,88.487686,28.54532,77.029136,MotherHub_KOL,MotherHub_BAM,221
Shipments,MotherHub_DKN_MotherHub_PTI,22.740286,88.31672,28.307612,76.81791,MotherHub_DKN,MotherHub_PTI,193
Shipments,MotherHub_PUNE_MotherHub_CJB,18.607342,73.727015,11.062704,77.090434,MotherHub_PUNE,MotherHub_CJB,16
Shipments,MotherHub_PZH_MotherHub_CJB,13.15093,80.199126,11.062704,77.090434,MotherHub_PZH,MotherHub_CJB,135
Shipments,MotherHub_IDR_MotherHub_PUNE,22.768738,75.903691,18.607342,73.727015,MotherHub_IDR,MotherHub_PUNE,17
Shipments,MotherHub_WTF_MotherHub_JAI,12.991207,77.808766,26.948758,75.762015,MotherHub_WTF,MotherHub_JAI,770
Shipments,MotherHub_WTF_MotherHub_CHN,12.991207,77.808766,13.046088,80.069352,MotherHub_WTF,MotherHub_CHN,1584
Shipments,MotherHub_MED_MotherHub_KOL,17.580668,78.469767,22.693624,88.487686,MotherHub_MED,MotherHub_KOL,1630
Shipments,MotherHub_JAI_MotherHub_PAT,26.948758,75.762015,25.585908,85.182063,MotherHub_JAI,MotherHub_PAT,244
Shipments,MotherHub_AMD_MotherHub_PTI,22.88998,72.594151,28.307612,76.81791,MotherHub_AMD,MotherHub_PTI,187
Shipments,MotherHub_PUNE_MotherHub_JAI,18.607342,73.727015,26.948758,75.762015,MotherHub_PUNE,MotherHub_JAI,24
Shipments,MotherHub_AMD_MotherHub_GZB,22.88998,72.594151,28.681766,77.530593,MotherHub_AMD,MotherHub_GZB,0
Shipments,MotherHub_IDR_MotherHub_GAU,22.768738,75.903691,26.111505,91.772078,MotherHub_IDR,MotherHub_GAU,10
Shipments,MotherHub_PTD_MotherHub_PAT,28.300608,76.820188,25.585908,85.182063,MotherHub_PTD,MotherHub_PAT,51
Shipments,MotherHub_PTD_MotherHub_MED,28.300608,76.820188,17.580668,78.469767,MotherHub_PTD,MotherHub_MED,80
Shipments,MotherHub_AMD_MotherHub_MED,22.88998,72.594151,17.580668,78.469767,MotherHub_AMD,MotherHub_MED,138
Shipments,MotherHub_DKN_MotherHub_DEL,22.740286,88.31672,28.54912,77.131226,MotherHub_DKN,MotherHub_DEL,2
Shipments,MotherHub_PZH_MotherHub_GAU,13.15093,80.199126,26.111505,91.772078,MotherHub_PZH,MotherHub_GAU,46
Shipments,MotherHub_PZH_MotherHub_DEL,13.15093,80.199126,28.54912,77.131226,MotherHub_PZH,MotherHub_DEL,0
Shipments,MotherHub_PTI_MotherHub_IDR,28.307612,76.81791,22.768738,75.903691,MotherHub_PTI,MotherHub_IDR,1732
Shipments,MotherHub_PTD_MotherHub_IDR,28.300608,76.820188,22.768738,75.903691,MotherHub_PTD,MotherHub_IDR,62
Shipments,MotherHub_STV_MotherHub_RAI,21.088983,72.915352,21.271957,81.635654,MotherHub_STV,MotherHub_RAI,138
Shipments,MotherHub_BAM_MotherHub_BNO,28.54532,77.029136,28.54532,77.029136,MotherHub_BAM,MotherHub_BNO,0
Shipments,MotherHub_AMD_MotherHub_KOL,22.88998,72.594151,22.693624,88.487686,MotherHub_AMD,MotherHub_KOL,164
Shipments,MotherHub_PZH_MotherHub_BNO,13.15093,80.199126,28.54532,77.029136,MotherHub_PZH,MotherHub_BNO,1
Shipments,MotherHub_BHI_MotherHub_IXR,19.238673,73.036094,23.349885,85.342528,MotherHub_BHI,MotherHub_IXR,76
Shipments,MotherHub_IXR_MotherHub_KNG,23.349885,85.342528,13.063051,77.741323,MotherHub_IXR,MotherHub_KNG,0
Shipments,MotherHub_PTI_MotherHub_KNG,28.307612,76.81791,13.063051,77.741323,MotherHub_PTI,MotherHub_KNG,1147
Shipments,MotherHub_PZH_MotherHub_GZB,13.15093,80.199126,28.681766,77.530593,MotherHub_PZH,MotherHub_GZB,0
Shipments,MotherHub_PUNE_MotherHub_MED,18.607342,73.727015,17.580668,78.469767,MotherHub_PUNE,MotherHub_MED,71
Shipments,MotherHub_BHI_MotherHub_PTI,19.238673,73.036094,28.307612,76.81791,MotherHub_BHI,MotherHub_PTI,623
Shipments,MotherHub_STV_MotherHub_PUNE,21.088983,72.915352,18.607342,73.727015,MotherHub_STV,MotherHub_PUNE,679
Shipments,MotherHub_PZH_MotherHub_JAI,13.15093,80.199126,26.948758,75.762015,MotherHub_PZH,MotherHub_JAI,125
Shipments,MotherHub_BLP_MotherHub_KOL,28.294382,76.856416,22.693624,88.487686,MotherHub_BLP,MotherHub_KOL,641
Shipments,MotherHub_PUNE_MotherHub_GAU,18.607342,73.727015,26.111505,91.772078,MotherHub_PUNE,MotherHub_GAU,33
Shipments,MotherHub_BLP_MotherHub_IXR,28.294382,76.856416,23.349885,85.342528,MotherHub_BLP,MotherHub_IXR,245
